<?xml version="1.0" encoding="UTF-8"?><metadata>
    <idinfo>
        <citation>
            <citeinfo>
                <origin/>
                <title>Walks</title>
                <geoform>vector digital data</geoform>
            </citeinfo>
        </citation>
        <descript>
            <abstract>Polygon feature representing sidewalks, crosswalks and stairs for the City of Alexandria, Virginia.Provides the location of all public sidewalks, crosswalks, and stairs throughout the City. For the purpose of this data, public sidewalks are communed referred to as the main sidewalk crossing a property which is parallel to a road. Individual sidewalks connecting the front door of a home to the public sidewalk are not captured.</abstract>
            <purpose>Polygon feature representing sidewalks, crosswalks and stairs for the City of Alexandria, Virginia.</purpose>
            <supplinf>Sidewalk material (ie: Brick, Concrete) is planned to be collected in future updates.</supplinf>
        </descript>
        <status>
            <progress>In work</progress>
            <update>Annually</update>
        </status>
        <spdom>
            <bounding>
                <westbc>-77.144933</westbc>
                <eastbc>-77.036795</eastbc>
                <northbc>38.845964</northbc>
                <southbc>38.789489</southbc>
            </bounding>
        </spdom>
        <keywords>
            <theme>
                <themekt>ISO 19115 Topic Category</themekt>
                <themekey>Transportation network</themekey>
            </theme>
            <theme>
                <themekt>None</themekt>
                <themekey>Sidewalks</themekey>
                <themekey>Crosswalks</themekey>
            </theme>
        </keywords>
        <accconst>None</accconst>
        <useconst>Pursuant to Section 54.1-402 of the Code of Virginia, any determination of topography or contours, or any depiction of physical improvements, property lines or boundaries is for general information only and shall not be used for the design, modification or construction of improvements to real property or for flood plain determination.
The maps provided hereunder are provided "as is" and the City expressly disclaims all warranties, UCC and otherwise, express or implied, including warranties as to accuracy of the maps and merchantability and fitness for a particular purpose, and further expressly disclaims responsibility for all incidental, consequential or special damages arising out of or in connection with the use or performance of the maps.</useconst>
        <datacred>Developed by the City of Alexandria, Department of Information Technology Services, ETAA/GIS Division.</datacred>
        <native> Version 6.2 (Build 9200) ; Esri ArcGIS 10.7.1.11595</native>
    </idinfo>
    <dataqual>
        <posacc>
            <horizpa>
                <horizpar>+/- 2 ft.</horizpar>
            </horizpa>
        </posacc>
    </dataqual>
    <spdoinfo>
        <direct>Vector</direct>
        <ptvctinf>
            <sdtsterm>
                <sdtstype>GT-polygon composed of chains</sdtstype>
                <ptvctcnt>0</ptvctcnt>
            </sdtsterm>
        </ptvctinf>
    </spdoinfo>
    <eainfo>
        <detailed>
            <enttyp>
                <enttypl>Walks</enttypl>
            </enttyp>
            <attr>
                <attrlabl>FID</attrlabl>
                <attrdef>Internal feature number.</attrdef>
                <attrdefs>Esri</attrdefs>
                <attrdomv>
                                        
                    <udom>Sequential unique whole numbers that are automatically generated.</udom>
                                    
                </attrdomv>
            </attr>
            <attr>
                <attrlabl>FACILITYID</attrlabl>
            </attr>
            <attr>
                <attrlabl>SURFACE</attrlabl>
            </attr>
            <attr>
                <attrlabl>FEATURE</attrlabl>
                <attrdef>Feature type</attrdef>
                <attrdomv>
                                        
                    <edom>
                                                
                        <edomv>Sidewalk</edomv>
                                                
                        <edomvd>Sidewalk</edomvd>
                                            
                    </edom>
                                    
                </attrdomv>
                <attrdomv>
                                        
                    <edom>
                                                
                        <edomv>Stairs</edomv>
                                                
                        <edomvd>Stairs</edomvd>
                                            
                    </edom>
                                    
                </attrdomv>
                <attrdomv>
                                        
                    <edom>
                                                
                        <edomv>Crosswalk</edomv>
                                                
                        <edomvd>Crosswalk</edomvd>
                                            
                    </edom>
                                    
                </attrdomv>
            </attr>
            <attr>
                <attrlabl>SHAPE</attrlabl>
                <attrdef>Feature geometry.</attrdef>
                <attrdefs>ESRI</attrdefs>
                <attrdomv>
                                        
                    <udom>Coordinates defining the features.</udom>
                                    
                </attrdomv>
            </attr>
        </detailed>
    </eainfo>
    <distinfo>
        <distrib>
            <cntinfo>
                <cntorgp>
                    <cntorg>City of Alexandria, Department of Information Technology Services, ETAA/GIS Division</cntorg>
                </cntorgp>
                <cntvoice>(703) 746-3828</cntvoice>
                <cntfax>(703) 838-6393</cntfax>
                <cntemail>GISHelp@alexandriava.gov</cntemail>
            </cntinfo>
        </distrib>
        <resdesc>See http://www.alexandriava.gov/gis</resdesc>
        <distliab>See access and use constraints information.</distliab>
        <stdorder>
            <digform>
                <digtopt>
                    <offoptn>
                        <offmedia>CD-ROM</offmedia>
                    </offoptn>
                </digtopt>
            </digform>
            <ordering>See http://www.alexandriava.gov/gis</ordering>
        </stdorder>
    </distinfo>
    <metainfo>
        <metd>20210812</metd>
        <metc>
            <cntinfo>
                <cntorgp>
                    <cntorg>Information Technology Services Department - City of Alexandria, VA</cntorg>
                    <cntper>GIS/Emerging Technologies and Advanced Analytics Division</cntper>
                </cntorgp>
                <cntemail>gismetadata@alexandriava.gov</cntemail>
            </cntinfo>
        </metc>
        <metstdn>FGDC Content Standard for Digital Geospatial Metadata</metstdn>
        <metstdv>FGDC-STD-001-1998</metstdv>
        <mettc>local time</mettc>
    </metainfo>
</metadata>
