<?xml version="1.0" encoding="UTF-8"?>
<metadata xml:lang="es"><Esri><CreaDate>20230425</CreaDate><CreaTime>09341800</CreaTime><ArcGISFormat>1.0</ArcGISFormat><SyncOnce>TRUE</SyncOnce><DataProperties><lineage><Process ToolSource="c:\program files (x86)\arcgis\desktop10.7\ArcToolbox\Toolboxes\Data Management Tools.tbx\AddField" Date="20230425" Time="093418">AddField pileta IDPIL TEXT # # 10 # NULLABLE NON_REQUIRED #</Process><Process ToolSource="c:\program files (x86)\arcgis\desktop10.7\ArcToolbox\Toolboxes\Data Management Tools.tbx\AddField" Date="20230425" Time="093443">AddField pileta MATERIAL TEXT # # 25 # NULLABLE NON_REQUIRED #</Process><Process ToolSource="c:\program files (x86)\arcgis\desktop10.7\ArcToolbox\Toolboxes\Data Management Tools.tbx\RepairGeometry" Date="20230425" Time="093923">RepairGeometry pileta DELETE_NULL</Process></lineage></DataProperties></Esri></metadata>
