<?xml version="1.0" encoding="UTF-8"?>
<metadata xml:lang="es"><Esri><CreaDate>20230126</CreaDate><CreaTime>11423200</CreaTime><ArcGISFormat>1.0</ArcGISFormat><SyncOnce>TRUE</SyncOnce><DataProperties><itemProps><itemLocation><linkage Sync="TRUE">file://\\PC80SECRE193\C$\geo_información\SMIQ1\amt\rtv_matriculacion</linkage><protocol Sync="TRUE">Local Area Network</protocol></itemLocation></itemProps><copyHistory><copy source="C:\geo_información\SMIQ1\amt\sires\rtv_matriculacion" dest="\\PC80SECRE193\C$\geo_información\SMIQ1\amt\rtv_matriculacion" date="20211021" time="13011700"></copy></copyHistory><lineage><Process ToolSource="c:\program files (x86)\arcgis\desktop10.7\ArcToolbox\Toolboxes\Data Management Tools.tbx\CalculateField" Date="20211021" Time="124204">CalculateField amt\rtv_matriculacion nombre [Name] VB #</Process><Process ToolSource="c:\program files (x86)\arcgis\desktop10.7\ArcToolbox\Toolboxes\Data Management Tools.tbx\CalculateField" Date="20211021" Time="124510">CalculateField amt\rtv_matriculacion descripcio "Centro de Matriculacion Vehicular" VB #</Process><Process ToolSource="c:\program files (x86)\arcgis\desktop10.7\ArcToolbox\Toolboxes\Data Management Tools.tbx\CalculateField" Date="20211021" Time="124558">CalculateField amt\rtv_matriculacion descripcio "Centro de Revisión Técnica Vehicular" VB #</Process><Process ToolSource="c:\program files (x86)\arcgis\desktop10.7\ArcToolbox\Toolboxes\Data Management Tools.tbx\Project" Date="20211021" Time="130429">Project C:\geo_información\SMIQ1\amt\rtv_matriculacion_.shp C:\geo_información\SMIQ1\amt\rtv_matriculacion.shp PROJCS['WGS_1984_UTM_Zone_17S',GEOGCS['GCS_WGS_1984',DATUM['D_WGS_1984',SPHEROID['WGS_1984',6378137.0,298.257223563]],PRIMEM['Greenwich',0.0],UNIT['Degree',0.0174532925199433]],PROJECTION['Transverse_Mercator'],PARAMETER['False_Easting',500000.0],PARAMETER['False_Northing',10000000.0],PARAMETER['Central_Meridian',-81.0],PARAMETER['Scale_Factor',0.9996],PARAMETER['Latitude_Of_Origin',0.0],UNIT['Meter',1.0]] # GEOGCS['GCS_WGS_1984',DATUM['D_WGS_1984',SPHEROID['WGS_1984',6378137.0,298.257223563]],PRIMEM['Greenwich',0.0],UNIT['Degree',0.0174532925199433]] NO_PRESERVE_SHAPE # NO_VERTICAL</Process><Process ToolSource="c:\program files (x86)\arcgis\desktop10.8\ArcToolbox\Toolboxes\Data Management Tools.tbx\CalculateField" Date="20221229" Time="091202">CalculateField rtv_matriculacion fcode CI001 VB #</Process><Process ToolSource="c:\program files (x86)\arcgis\desktop10.8\ArcToolbox\Toolboxes\Data Management Tools.tbx\CalculateField" Date="20221229" Time="091221">CalculateField rtv_matriculacion fcode "CI001" VB #</Process><Process ToolSource="c:\program files (x86)\arcgis\desktop10.8\ArcToolbox\Toolboxes\Data Management Tools.tbx\CalculateField" Date="20221229" Time="092448">CalculateField CI001_MATRICULACION_REVISION_V OID_ [FID]+1 VB #</Process><Process ToolSource="c:\program files (x86)\arcgis\desktop10.8\ArcToolbox\Toolboxes\Data Management Tools.tbx\CalculateField" Date="20221229" Time="094059">CalculateField CI001_MATRICULACION_REVISION_V Descrip "[descripcio] " VB #</Process><Process ToolSource="c:\program files (x86)\arcgis\desktop10.8\ArcToolbox\Toolboxes\Data Management Tools.tbx\CalculateField" Date="20221229" Time="094230">CalculateField CI001_MATRICULACION_REVISION_V nam [nombre] VB #</Process><Process ToolSource="c:\program files (x86)\arcgis\desktop10.8\ArcToolbox\Toolboxes\Data Management Tools.tbx\CalculateField" Date="20221229" Time="094635">CalculateField CI001_MATRICULACION_REVISION_V class "Centro de Matriculación" VB #</Process><Process ToolSource="c:\program files (x86)\arcgis\desktop10.8\ArcToolbox\Toolboxes\Data Management Tools.tbx\CalculateField" Date="20221229" Time="094717">CalculateField CI001_MATRICULACION_REVISION_V class "Centro de Revisión Tecnica" VB #</Process><Process ToolSource="c:\program files (x86)\arcgis\desktop10.8\ArcToolbox\Toolboxes\Data Management Tools.tbx\CalculateField" Date="20230124" Time="143619">CalculateField CI001_MATRICULACION_REVISION_V class "Matriculación" VB #</Process><Process ToolSource="c:\program files (x86)\arcgis\desktop10.8\ArcToolbox\Toolboxes\Data Management Tools.tbx\CalculateField" Date="20230124" Time="143640">CalculateField CI001_MATRICULACION_REVISION_V class "Revisión Tecnica" VB #</Process></lineage></DataProperties></Esri></metadata>
