<?xml version="1.0" encoding="UTF-8"?>
<metadata xml:lang="es"><Esri><CreaDate>20160622</CreaDate><CreaTime>12171900</CreaTime><ArcGISFormat>1.0</ArcGISFormat><SyncOnce>TRUE</SyncOnce><DataProperties><lineage><Process ToolSource="c:\program files\arcgis\desktop10.4\ArcToolbox\Toolboxes\Data Management Tools.tbx\CalculateField" Date="20160622" Time="121416">CalculateField Manzana Fuente "Localidades y áreas urbanas de la Cartografía Geoestadística Urbana: Cierre Censo de Población y Vivivenda 2010. INEGI" VB #</Process><Process ToolSource="c:\program files\arcgis\desktop10.4\ArcToolbox\Toolboxes\Data Management Tools.tbx\CalculateField" Date="20160622" Time="121502">CalculateField Manzana Fuente "Vuelo Fotogramétrico Catastro del Estado" VB #</Process><Process ToolSource="c:\program files\arcgis\desktop10.4\ArcToolbox\Toolboxes\Data Management Tools.tbx\CalculateField" Date="20160622" Time="121533">CalculateField Manzana Fuente "Vuelo Fotogramétrico Catastro del Estado IITEJ" VB #</Process><Process ToolSource="c:\program files\arcgis\desktop10.4\ArcToolbox\Toolboxes\Data Management Tools.tbx\CalculateField" Date="20160622" Time="121637">CalculateField Manzana Municipio "Acatlán de Juárez" VB #</Process><Process ToolSource="c:\program files\arcgis\desktop10.4\ArcToolbox\Toolboxes\Data Management Tools.tbx\CalculateField" Date="20160622" Time="121642">CalculateField Manzana Localidad "Acatlán de Juárez" VB #</Process></lineage></DataProperties></Esri></metadata>
