<?xml version="1.0" encoding="UTF-8"?>
<metadata xml:lang="es"><Esri><CreaDate>20220427</CreaDate><CreaTime>15524500</CreaTime><ArcGISFormat>1.0</ArcGISFormat><SyncOnce>FALSE</SyncOnce><DataProperties><itemProps><itemName Sync="TRUE">LIMITES_CANTONAL</itemName><imsContentType Sync="TRUE">002</imsContentType><itemLocation><linkage Sync="TRUE">file://\\RICDEFJO\E\PDOT GYE PUGS\00 - PUGS PARA GEOPORTAL\CAPAS GEOPORTAL PRIORITARIO_OCT2021.gdb</linkage><protocol Sync="TRUE">Local Area Network</protocol></itemLocation><itemSize Sync="TRUE">0.000</itemSize></itemProps><coordRef><type Sync="TRUE">Projected</type><geogcsn Sync="TRUE">GCS_WGS_1984</geogcsn><csUnits Sync="TRUE">Linear Unit: Meter (1.000000)</csUnits><projcsn Sync="TRUE">WGS_1984_UTM_Zone_17S</projcsn><peXml Sync="TRUE">&lt;ProjectedCoordinateSystem xsi:type='typens:ProjectedCoordinateSystem' xmlns:xsi='http://www.w3.org/2001/XMLSchema-instance' xmlns:xs='http://www.w3.org/2001/XMLSchema' xmlns:typens='http://www.esri.com/schemas/ArcGIS/10.5'&gt;&lt;WKT&gt;PROJCS[&amp;quot;WGS_1984_UTM_Zone_17S&amp;quot;,GEOGCS[&amp;quot;GCS_WGS_1984&amp;quot;,DATUM[&amp;quot;D_WGS_1984&amp;quot;,SPHEROID[&amp;quot;WGS_1984&amp;quot;,6378137.0,298.257223563]],PRIMEM[&amp;quot;Greenwich&amp;quot;,0.0],UNIT[&amp;quot;Degree&amp;quot;,0.0174532925199433]],PROJECTION[&amp;quot;Transverse_Mercator&amp;quot;],PARAMETER[&amp;quot;False_Easting&amp;quot;,500000.0],PARAMETER[&amp;quot;False_Northing&amp;quot;,10000000.0],PARAMETER[&amp;quot;Central_Meridian&amp;quot;,-81.0],PARAMETER[&amp;quot;Scale_Factor&amp;quot;,0.9996],PARAMETER[&amp;quot;Latitude_Of_Origin&amp;quot;,0.0],UNIT[&amp;quot;Meter&amp;quot;,1.0],AUTHORITY[&amp;quot;EPSG&amp;quot;,32717]]&lt;/WKT&gt;&lt;XOrigin&gt;-5120900&lt;/XOrigin&gt;&lt;YOrigin&gt;1900&lt;/YOrigin&gt;&lt;XYScale&gt;10000&lt;/XYScale&gt;&lt;ZOrigin&gt;-100000&lt;/ZOrigin&gt;&lt;ZScale&gt;10000&lt;/ZScale&gt;&lt;MOrigin&gt;-100000&lt;/MOrigin&gt;&lt;MScale&gt;10000&lt;/MScale&gt;&lt;XYTolerance&gt;0.001&lt;/XYTolerance&gt;&lt;ZTolerance&gt;0.001&lt;/ZTolerance&gt;&lt;MTolerance&gt;0.001&lt;/MTolerance&gt;&lt;HighPrecision&gt;true&lt;/HighPrecision&gt;&lt;WKID&gt;32717&lt;/WKID&gt;&lt;LatestWKID&gt;32717&lt;/LatestWKID&gt;&lt;/ProjectedCoordinateSystem&gt;</peXml></coordRef><lineage><Process ToolSource="c:\program files (x86)\arcgis\desktop10.5\ArcToolbox\Toolboxes\Conversion Tools.tbx\FeatureClassToFeatureClass" Date="20180306" Time="145752">FeatureClassToFeatureClass "Límite de Guayaquil 1991" "Database Connections\CatastroGuayaquil@sde.sde\CATASTROGUAYAQUIL.SDE.ORDENAMIENTO_TERRITORIAL" Limites_Guayaquil # "LIMITE "Límites" true true false 2 Short 0 0 ,First,#,Límite de Guayaquil 1991,LIMITE,-1,-1;SHAPE_Length "Longitud" false true true 8 Double 0 0 ,First,#,Límite de Guayaquil 1991,SHAPE_Length,-1,-1" #</Process><Process ToolSource="c:\program files (x86)\arcgis\desktop10.5\ArcToolbox\Toolboxes\Data Management Tools.tbx\CopyFeatures" Date="20180326" Time="162355">CopyFeatures Limites_Guayaquil "Database Connections\sde@catastroguayaquil.sde\CATASTROGUAYAQUIL.SDE.ORDENAMIENTO\CATASTROGUAYAQUIL.SDE.Limites_Guayaquil_1" # 0 0 0</Process><Process ToolSource="c:\program files (x86)\arcgis\desktop10.5\ArcToolbox\Toolboxes\Data Management Tools.tbx\DeleteField" Date="20180326" Time="222352">DeleteField Limites_Guayaquil created_user;created_date;last_edited_user;last_edited_date</Process><Process ToolSource="c:\program files (x86)\arcgis\desktop10.5\ArcToolbox\Toolboxes\Data Management Tools.tbx\FeatureToPolygon" Date="20200204" Time="113416">FeatureToPolygon CATASTROGUAYAQUIL.SDE.Limites_Guayaquil "E:\ferlopap\Desktop\FORMATO A0 ORDENANZA DEL PLAN DE USO Y GESTIÓN DEL SUELO DEL CANTON GUAYAQUIL\LIMITES_GUAYAQUIL.shp" # ATTRIBUTES #</Process><Process ToolSource="c:\program files (x86)\arcgis\desktop10.5\ArcToolbox\Toolboxes\Data Management Tools.tbx\CopyFeatures" Date="20200208" Time="115244">CopyFeatures "E:\ferlopap\Desktop\PLANOS PDOT\SHP_PDOT\SHP_UBICACIÓN GENERAL\LIMITES_GUAYAQUIL.shp" "E:\ferlopap\Desktop\PLANOS PDOT\New File Geodatabase.gdb\LIMITES_DE_GUAYAQUIL\LIMITES_GUAYAQUIL" # 0 0 0</Process><Process ToolSource="c:\program files (x86)\arcgis\desktop10.5\ArcToolbox\Toolboxes\Data Management Tools.tbx\PolygonToLine" Date="20200208" Time="143810">PolygonToLine LIMITES_DE_GUAYAQUIL\LIMITES_GUAYAQUIL "E:\ferlopap\Desktop\PLANOS PDOT\SHP_PDOT\SHP_UBICACIÓN GENERAL\L_LIMITES_GUAYAQUIL.shp" IDENTIFY_NEIGHBORS</Process><Process ToolSource="c:\program files (x86)\arcgis\desktop10.5\ArcToolbox\Toolboxes\Data Management Tools.tbx\CopyFeatures" Date="20200208" Time="210724">CopyFeatures "E:\ferlopap\Desktop\PLANOS PDOT_GDB_BASE\SHP_BASE\LIMITES_GUAYAQUIL.shp" "E:\ferlopap\Desktop\PLANOS PDOT_GDB_BASE\Guayaquil_PDOT.gdb\Modelo_Base\LIMITES_GUAYAQUIL" # 0 0 0</Process><Process ToolSource="c:\program files (x86)\arcgis\desktop10.5\ArcToolbox\Toolboxes\Data Management Tools.tbx\CopyFeatures" Date="20200212" Time="162843">CopyFeatures "E:\ferlopap\Desktop\PLANOS PDOT_GDB_BASE\Guayaquil_PDOT.gdb\Modelo_Base\LIMITES_GUAYAQUIL" "E:\ferlopap\Desktop\PLANOS PDOT_GDB_BASE\Guayaquil_PDOT.gdb\CARTOGRAFÍA_BASE\LIMITES_GUAYAQUIL_2" # 0 0 0</Process><Process ToolSource="c:\program files (x86)\arcgis\desktop10.7\ArcToolbox\Toolboxes\Data Management Tools.tbx\FeatureToPolygon" Date="20210210" Time="160704">FeatureToPolygon 'CARTOGRAFÍA BASE\LÍMITES GUAYAQUIL' "G:\00 - MASTER PLAN\MASTER_PLAN_GYE.gdb\CARTOGRAFIA_BASE\LIMITES" # ATTRIBUTES #</Process><Process ToolSource="c:\program files (x86)\arcgis\desktop10.5\ArcToolbox\Toolboxes\Conversion Tools.tbx\FeatureClassToFeatureClass" Date="20211011" Time="094951">FeatureClassToFeatureClass LIMITES "E:\PDOT GYE PUGS\00 - PUGS PARA GEOPORTAL\CAPAS GEOPORTAL PRIORITARIO_OCT2021.gdb\CARTOGRAFIA BASE" LIMITES_CANTONAL # "Shape_Length "Shape_Length" false true true 8 Double 0 0 ,First,#,LIMITES,Shape_Length,-1,-1;Shape_Area "Shape_Area" false true true 8 Double 0 0 ,First,#,LIMITES,Shape_Area,-1,-1;HA "Ha." true true false 8 Double 0 0 ,First,#,LIMITES,HA,-1,-1;DESCRIP "DESCRIPCIÓN" true true false 50 Text 0 0 ,First,#,LIMITES,DESCRIP,-1,-1;N_MZ "NÚMERO DE MANZANAS" true true false 4 Long 0 0 ,First,#,LIMITES,N_MZ,-1,-1;N_PREDIOS "NÚMERO DE PREDIOS" true true false 4 Long 0 0 ,First,#,LIMITES,N_PREDIOS,-1,-1;TIPOS_CAB "TIPOS DE CABECERAS" true true false 50 Text 0 0 ,First,#,LIMITES,TIPOS_CAB,-1,-1;PARROQUIAS "PARROQUIA RURALES" true true false 50 Text 0 0 ,First,#,LIMITES,PARROQUIAS,-1,-1;APROB "APROBACIÓN" true true false 250 Text 0 0 ,First,#,LIMITES,APROB,-1,-1" #</Process></lineage></DataProperties><SyncDate>20211011</SyncDate><SyncTime>09494600</SyncTime><ModDate>20211011</ModDate><ModTime>09494600</ModTime></Esri><dataIdInfo><envirDesc Sync="TRUE"> Version 6.2 (Build 9200) ; Esri ArcGIS 10.5.0.6491</envirDesc><dataLang><languageCode value="spa" Sync="TRUE"/><countryCode value="ECU" Sync="TRUE"/></dataLang><idCitation><resTitle Sync="TRUE">LIMITES_CANTONAL</resTitle><presForm><PresFormCd value="005" Sync="TRUE"/></presForm></idCitation><spatRpType><SpatRepTypCd value="001" Sync="TRUE"/></spatRpType></dataIdInfo><mdLang><languageCode value="spa" Sync="TRUE"/><countryCode value="ECU" Sync="TRUE"/></mdLang><distInfo><distFormat><formatName Sync="TRUE">File Geodatabase Feature Class</formatName></distFormat><distTranOps><transSize Sync="TRUE">0.000</transSize></distTranOps></distInfo><mdHrLv><ScopeCd value="005" Sync="TRUE"/></mdHrLv><mdHrLvName Sync="TRUE">dataset</mdHrLvName><refSysInfo><RefSystem><refSysID><identCode code="32717" Sync="TRUE"/><idCodeSpace Sync="TRUE">EPSG</idCodeSpace><idVersion Sync="TRUE">2.1(3.0.1)</idVersion></refSysID></RefSystem></refSysInfo><spatRepInfo><VectSpatRep><geometObjs Name="LIMITES_CANTONAL"><geoObjTyp><GeoObjTypCd value="002" Sync="TRUE"></GeoObjTypCd></geoObjTyp><geoObjCnt Sync="TRUE">0</geoObjCnt></geometObjs><topLvl><TopoLevCd value="001" Sync="TRUE"></TopoLevCd></topLvl></VectSpatRep></spatRepInfo><spdoinfo><ptvctinf><esriterm Name="LIMITES_CANTONAL"><efeatyp Sync="TRUE">Simple</efeatyp><efeageom code="4" Sync="TRUE"></efeageom><esritopo Sync="TRUE">FALSE</esritopo><efeacnt Sync="TRUE">0</efeacnt><spindex Sync="TRUE">TRUE</spindex><linrefer Sync="TRUE">FALSE</linrefer></esriterm></ptvctinf></spdoinfo><eainfo><detailed Name="LIMITES_CANTONAL"><enttyp><enttypl Sync="TRUE">LIMITES_CANTONAL</enttypl><enttypt Sync="TRUE">Feature Class</enttypt><enttypc Sync="TRUE">0</enttypc></enttyp><attr><attrlabl Sync="TRUE">Shape</attrlabl><attalias Sync="TRUE">Shape</attalias><attrtype Sync="TRUE">Geometry</attrtype><attwidth Sync="TRUE">0</attwidth><atprecis Sync="TRUE">0</atprecis><attscale Sync="TRUE">0</attscale><attrdef Sync="TRUE">Feature geometry.</attrdef><attrdefs Sync="TRUE">Esri</attrdefs><attrdomv><udom Sync="TRUE">Coordinates defining the features.</udom></attrdomv></attr><subtype><stname Sync="TRUE">Límite Urbano</stname><stcode Sync="TRUE">0</stcode></subtype><subtype><stname Sync="TRUE">Límite de Expansión Urbana</stname><stcode Sync="TRUE">1</stcode></subtype><attr><attrlabl Sync="TRUE">OBJECTID</attrlabl><attalias Sync="TRUE">OBJECTID</attalias><attrtype Sync="TRUE">OID</attrtype><attwidth Sync="TRUE">4</attwidth><atprecis Sync="TRUE">0</atprecis><attscale Sync="TRUE">0</attscale><attrdef Sync="TRUE">Internal feature number.</attrdef><attrdefs Sync="TRUE">Esri</attrdefs><attrdomv><udom Sync="TRUE">Sequential unique whole numbers that are automatically generated.</udom></attrdomv></attr><subtype><stname Sync="TRUE">Franja para protección del nuevo Aeropuerto Internacional de Guayaquil</stname><stcode Sync="TRUE">2</stcode></subtype><attr><attrlabl Sync="TRUE">HA</attrlabl><attalias Sync="TRUE">Ha.</attalias><attrtype Sync="TRUE">Double</attrtype><attwidth Sync="TRUE">8</attwidth><atprecis Sync="TRUE">0</atprecis><attscale Sync="TRUE">0</attscale></attr><attr><attrlabl Sync="TRUE">DESCRIP</attrlabl><attalias Sync="TRUE">DESCRIPCIÓN</attalias><attrtype Sync="TRUE">String</attrtype><attwidth Sync="TRUE">50</attwidth><atprecis Sync="TRUE">0</atprecis><attscale Sync="TRUE">0</attscale></attr><attr><attrlabl Sync="TRUE">N_MZ</attrlabl><attalias Sync="TRUE">NÚMERO DE MANZANAS</attalias><attrtype Sync="TRUE">Integer</attrtype><attwidth Sync="TRUE">4</attwidth><atprecis Sync="TRUE">0</atprecis><attscale Sync="TRUE">0</attscale></attr><attr><attrlabl Sync="TRUE">N_PREDIOS</attrlabl><attalias Sync="TRUE">NÚMERO DE PREDIOS</attalias><attrtype Sync="TRUE">Integer</attrtype><attwidth Sync="TRUE">4</attwidth><atprecis Sync="TRUE">0</atprecis><attscale Sync="TRUE">0</attscale></attr><attr><attrlabl Sync="TRUE">TIPOS_CAB</attrlabl><attalias Sync="TRUE">TIPOS DE CABECERAS</attalias><attrtype Sync="TRUE">String</attrtype><attwidth Sync="TRUE">50</attwidth><atprecis Sync="TRUE">0</atprecis><attscale Sync="TRUE">0</attscale></attr><attr><attrlabl Sync="TRUE">PARROQUIAS</attrlabl><attalias Sync="TRUE">PARROQUIA RURALES</attalias><attrtype Sync="TRUE">String</attrtype><attwidth Sync="TRUE">50</attwidth><atprecis Sync="TRUE">0</atprecis><attscale Sync="TRUE">0</attscale></attr><attr><attrlabl Sync="TRUE">APROB</attrlabl><attalias Sync="TRUE">APROBACIÓN</attalias><attrtype Sync="TRUE">String</attrtype><attwidth Sync="TRUE">250</attwidth><atprecis Sync="TRUE">0</atprecis><attscale Sync="TRUE">0</attscale></attr><attr><attrlabl Sync="TRUE">Shape_Length</attrlabl><attalias Sync="TRUE">Shape_Length</attalias><attrtype Sync="TRUE">Double</attrtype><attwidth Sync="TRUE">8</attwidth><atprecis Sync="TRUE">0</atprecis><attscale Sync="TRUE">0</attscale><attrdef Sync="TRUE">Length of feature in internal units.</attrdef><attrdefs Sync="TRUE">Esri</attrdefs><attrdomv><udom Sync="TRUE">Positive real numbers that are automatically generated.</udom></attrdomv></attr><attr><attrlabl Sync="TRUE">Shape_Area</attrlabl><attalias Sync="TRUE">Shape_Area</attalias><attrtype Sync="TRUE">Double</attrtype><attwidth Sync="TRUE">8</attwidth><atprecis Sync="TRUE">0</atprecis><attscale Sync="TRUE">0</attscale><attrdef Sync="TRUE">Area of feature in internal units squared.</attrdef><attrdefs Sync="TRUE">Esri</attrdefs><attrdomv><udom Sync="TRUE">Positive real numbers that are automatically generated.</udom></attrdomv></attr></detailed></eainfo><mdDateSt Sync="TRUE">20211011</mdDateSt></metadata>
