<metadata xml:lang="es"><Esri><CreaDate>20210827</CreaDate><CreaTime>10555500</CreaTime><ArcGISFormat>1.0</ArcGISFormat><SyncOnce>FALSE</SyncOnce><DataProperties><lineage><Process ToolSource="c:\program files (x86)\arcgis\desktop10.5\ArcToolbox\Toolboxes\Data Management Tools.tbx\CalculateField" Date="20200502" Time="200810">CalculateField NUEVOS_SECTORES AREA_KM2 "[AREA] /1000000" VB #</Process><Process ToolSource="c:\program files (x86)\arcgis\desktop10.5\ArcToolbox\Toolboxes\Data Management Tools.tbx\CalculateField" Date="20200502" Time="200843">CalculateField NUEVOS_SECTORES DEN_2020 "[DENS_2010] + [FACTOR_DE]" VB #</Process><Process ToolSource="c:\program files (x86)\arcgis\desktop10.5\ArcToolbox\Toolboxes\Data Management Tools.tbx\CalculateField" Date="20200502" Time="201416">CalculateField NUEVOS_SECTORES FACTOR_DE "[DENS_2010] *(0.12)" VB #</Process><Process ToolSource="c:\program files (x86)\arcgis\desktop10.5\ArcToolbox\Toolboxes\Data Management Tools.tbx\CalculateField" Date="20200502" Time="201437">CalculateField NUEVOS_SECTORES POB_TOT0 "[DENS_2010] + [FACTOR_DE]" VB #</Process><Process ToolSource="c:\program files (x86)\arcgis\desktop10.5\ArcToolbox\Toolboxes\Data Management Tools.tbx\CalculateField" Date="20200502" Time="213937">CalculateField NUEVOS_SECTORES FACTOR_DE "[DENS_2010] *(0.12)" VB #</Process><Process ToolSource="c:\program files (x86)\arcgis\desktop10.5\ArcToolbox\Toolboxes\Data Management Tools.tbx\CalculateField" Date="20200502" Time="213957">CalculateField NUEVOS_SECTORES POB_TOT0 "[DENS_2010] + [FACTOR_DE]" VB #</Process><Process ToolSource="c:\program files (x86)\arcgis\desktop10.5\ArcToolbox\Toolboxes\Data Management Tools.tbx\CalculateField" Date="20200502" Time="214017">CalculateField NUEVOS_SECTORES AREA_KM2 "[AREA] /1000000" VB #</Process><Process ToolSource="c:\program files (x86)\arcgis\desktop10.5\ArcToolbox\Toolboxes\Data Management Tools.tbx\CalculateField" Date="20200502" Time="214219">CalculateField NUEVOS_SECTORES DEN_2020 "[POB_TOT0] / [AREA_KM2]" VB #</Process><Process ToolSource="c:\program files (x86)\arcgis\desktop10.5\ArcToolbox\Toolboxes\Data Management Tools.tbx\CalculateField" Date="20200502" Time="214300">CalculateField NUEVOS_SECTORES FACTOR_DE "[DENS_2010] *(0.12)" VB #</Process><Process ToolSource="c:\program files (x86)\arcgis\desktop10.5\ArcToolbox\Toolboxes\Data Management Tools.tbx\CalculateField" Date="20200502" Time="214316">CalculateField NUEVOS_SECTORES POB_TOT0 "[DENS_2010] + [FACTOR_DE]" VB #</Process><Process ToolSource="c:\program files (x86)\arcgis\desktop10.5\ArcToolbox\Toolboxes\Data Management Tools.tbx\CalculateField" Date="20200502" Time="214502">CalculateField NUEVOS_SECTORES AREA_KM2 "[AREA] /1000000" VB #</Process><Process ToolSource="c:\program files (x86)\arcgis\desktop10.5\ArcToolbox\Toolboxes\Data Management Tools.tbx\CalculateField" Date="20200502" Time="214518">CalculateField NUEVOS_SECTORES DEN_2020 "[POB_TOT0] / [AREA_KM2]" VB #</Process><Process ToolSource="c:\program files (x86)\arcgis\desktop10.5\ArcToolbox\Toolboxes\Data Management Tools.tbx\CalculateField" Date="20200502" Time="223447">CalculateField NUEVOS_SECTORES FACTOR_DE "[DENS_2010] *(0.12)" VB #</Process><Process ToolSource="c:\program files (x86)\arcgis\desktop10.5\ArcToolbox\Toolboxes\Data Management Tools.tbx\CalculateField" Date="20200502" Time="223508">CalculateField NUEVOS_SECTORES POB_TOT0 "[DENS_2010] + [FACTOR_DE]" VB #</Process><Process ToolSource="c:\program files (x86)\arcgis\desktop10.5\ArcToolbox\Toolboxes\Data Management Tools.tbx\CalculateField" Date="20200502" Time="223618">CalculateField NUEVOS_SECTORES AREA_KM2 "[AREA] /1000000" VB #</Process><Process ToolSource="c:\program files (x86)\arcgis\desktop10.5\ArcToolbox\Toolboxes\Data Management Tools.tbx\CalculateField" Date="20200502" Time="223702">CalculateField NUEVOS_SECTORES DEN_2020 "[POB_TOT0] / [AREA_KM2]" VB #</Process><Process ToolSource="c:\program files (x86)\arcgis\desktop10.5\ArcToolbox\Toolboxes\Data Management Tools.tbx\CalculateField" Date="20200503" Time="130242">CalculateField NUEVOS_SECTORES AREA_KM2 "[AREA] /1000000" VB #</Process><Process ToolSource="c:\program files (x86)\arcgis\desktop10.5\ArcToolbox\Toolboxes\Data Management Tools.tbx\CalculateField" Date="20200503" Time="162612">CalculateField NUEVOS_SECTORES FACTOR_DE "[DENS_2010] *(0.12)" VB #</Process><Process ToolSource="c:\program files (x86)\arcgis\desktop10.5\ArcToolbox\Toolboxes\Data Management Tools.tbx\CalculateField" Date="20200503" Time="162713">CalculateField NUEVOS_SECTORES POB_TOT0 "[DENS_2010] + [FACTOR_DE]" VB #</Process><Process ToolSource="c:\program files (x86)\arcgis\desktop10.5\ArcToolbox\Toolboxes\Data Management Tools.tbx\CalculateField" Date="20200504" Time="111449">CalculateField NUEVOS_SECTORES AREA_KM2 "[AREA] /1000000" VB #</Process><Process ToolSource="c:\program files (x86)\arcgis\desktop10.5\ArcToolbox\Toolboxes\Data Management Tools.tbx\CalculateField" Date="20200504" Time="111519">CalculateField NUEVOS_SECTORES DEN_2020 "[POB_TOT0] / [AREA_KM2]" VB #</Process><Process ToolSource="c:\program files (x86)\arcgis\desktop10.5\ArcToolbox\Toolboxes\Data Management Tools.tbx\CalculateField" Date="20200703" Time="125559">CalculateField SECTORES POB_TOT0 "[DENS_2010] + [FACTOR_DE]" VB #</Process><Process ToolSource="c:\program files (x86)\arcgis\desktop10.5\ArcToolbox\Toolboxes\Data Management Tools.tbx\CalculateField" Date="20200703" Time="134055">CalculateField SECTORES DEN_2020 "[POB_TOT0] / [AREA_KM2]" VB #</Process><Process ToolSource="c:\program files (x86)\arcgis\desktop10.5\ArcToolbox\Toolboxes\Data Management Tools.tbx\CalculateField" Date="20200706" Time="085907">CalculateField SECTORES AREA_HA [AREA_KM2]/0.01 VB #</Process><Process ToolSource="c:\program files (x86)\arcgis\desktop10.5\ArcToolbox\Toolboxes\Data Management Tools.tbx\CalculateField" Date="20200706" Time="094356">CalculateField SECTORES DEN_2020 "[POB_TOT0] / [AREA_HA]" VB #</Process><Process ToolSource="c:\program files (x86)\arcgis\desktop10.5\ArcToolbox\Toolboxes\Data Management Tools.tbx\CalculateField" Date="20200707" Time="134511">CalculateField SECTORES POB_2010 [DENS_2010] VB #</Process><Process ToolSource="c:\program files (x86)\arcgis\desktop10.5\ArcToolbox\Toolboxes\Data Management Tools.tbx\CalculateField" Date="20200707" Time="134537">CalculateField SECTORES POB_2020 [DENS_2010] VB #</Process><Process ToolSource="c:\program files (x86)\arcgis\desktop10.5\ArcToolbox\Toolboxes\Data Management Tools.tbx\CalculateField" Date="20200707" Time="134600">CalculateField SECTORES POB_2020 [POB_TOT0] VB #</Process><Process ToolSource="c:\program files (x86)\arcgis\desktop10.5\ArcToolbox\Toolboxes\Data Management Tools.tbx\CalculateField" Date="20200707" Time="134638">CalculateField SECTORES POB_2020 "[POB_2010]+ [FACTOR_DE]" VB #</Process><Process ToolSource="c:\program files (x86)\arcgis\desktop10.5\ArcToolbox\Toolboxes\Data Management Tools.tbx\CalculateField" Date="20200707" Time="134659">CalculateField SECTORES FACTOR_DE "[POB_2010] *(0.12)" VB #</Process><Process ToolSource="c:\program files (x86)\arcgis\desktop10.5\ArcToolbox\Toolboxes\Data Management Tools.tbx\CalculateField" Date="20200707" Time="135218">CalculateField SECTORES FACTOR_DE "[POB_2010] *(0.12)" VB #</Process><Process ToolSource="c:\program files (x86)\arcgis\desktop10.5\ArcToolbox\Toolboxes\Data Management Tools.tbx\CalculateField" Date="20200707" Time="135304">CalculateField SECTORES POB_2020 "[POB_2010]+ [FACTOR_DE]" VB #</Process><Process ToolSource="c:\program files (x86)\arcgis\desktop10.5\ArcToolbox\Toolboxes\Data Management Tools.tbx\CalculateField" Date="20200707" Time="135320">CalculateField SECTORES POB_2020 "[POB_2010]+ [FACTOR_DE]" VB #</Process><Process ToolSource="c:\program files (x86)\arcgis\desktop10.5\ArcToolbox\Toolboxes\Data Management Tools.tbx\CalculateField" Date="20200707" Time="135421">CalculateField SECTORES AREA_KM2 "[AREA] /1000000" VB #</Process><Process ToolSource="c:\program files (x86)\arcgis\desktop10.5\ArcToolbox\Toolboxes\Data Management Tools.tbx\CalculateField" Date="20200707" Time="142504">CalculateField SECTORES AREA_HA [AREA_KM2]/0.01 VB #</Process><Process ToolSource="c:\program files (x86)\arcgis\desktop10.5\ArcToolbox\Toolboxes\Data Management Tools.tbx\CalculateField" Date="20200707" Time="142718">CalculateField SECTORES DEN_2020 "[POB_2020]/ [AREA_HA]" VB #</Process><Process ToolSource="c:\program files (x86)\arcgis\desktop10.5\ArcToolbox\Toolboxes\Data Management Tools.tbx\CalculateField" Date="20200707" Time="151553">CalculateField SECTORES RANGOS "INCIPIENTE" VB #</Process><Process ToolSource="c:\program files (x86)\arcgis\desktop10.5\ArcToolbox\Toolboxes\Data Management Tools.tbx\CalculateField" Date="20200707" Time="151619">CalculateField SECTORES RANGOS "BAJA" VB #</Process><Process ToolSource="c:\program files (x86)\arcgis\desktop10.5\ArcToolbox\Toolboxes\Data Management Tools.tbx\CalculateField" Date="20200707" Time="151712">CalculateField SECTORES RANGOS "MEDIA" VB #</Process><Process ToolSource="c:\program files (x86)\arcgis\desktop10.5\ArcToolbox\Toolboxes\Data Management Tools.tbx\CalculateField" Date="20200707" Time="151729">CalculateField SECTORES RANGOS "ALTA" VB #</Process><Process ToolSource="c:\program files (x86)\arcgis\desktop10.5\ArcToolbox\Toolboxes\Data Management Tools.tbx\CalculateField" Date="20200727" Time="102101">CalculateField SECTORES SCT_GYE [COD_SEC_N] VB #</Process><Process ToolSource="c:\program files (x86)\arcgis\desktop10.5\ArcToolbox\Toolboxes\Data Management Tools.tbx\CalculateField" Date="20200824" Time="101439">CalculateField Sect_Planif_2020(7-7-20) FCT_POB [FACTOR_DE] VB #</Process><Process ToolSource="c:\program files (x86)\arcgis\desktop10.5\ArcToolbox\Toolboxes\Data Management Tools.tbx\CopyFeatures" Date="20201117" Time="161915">CopyFeatures Distritos_13-11-2020 G:\DISTRITOS\DISTRITOS.gdb\GENERAL\Distritos_13_11_2020 # 0 0 0</Process><Process ToolSource="c:\program files (x86)\arcgis\desktop10.5\ArcToolbox\Toolboxes\Conversion Tools.tbx\FeatureClassToFeatureClass" Date="20211006" Time="235427">FeatureClassToFeatureClass "PUGS\TRATAMIENTOS URBANÍSTICOS PARA LOS POLÍGONOS DE INTERVENCIÓN TERRITORIAL" "H:\PDOT GYE PUGS\00 - PUGS PARA GEOPORTAL\CAPAS GEOPORTAL PRIORITARIO_OCT2021.gdb\PUGS" PIT_CAB_CANT # "OBJECTID "OBJECTID" true true false 10 Long 0 10 ,First,#,PUGS\TRATAMIENTOS URBANÍSTICOS PARA LOS POLÍGONOS DE INTERVENCIÓN TERRITORIAL,OBJECTID,-1,-1;DENOMINACI "DENOMINACI" true true false 100 Text 0 0 ,First,#,PUGS\TRATAMIENTOS URBANÍSTICOS PARA LOS POLÍGONOS DE INTERVENCIÓN TERRITORIAL,DENOMINACI,-1,-1;TRATAMIENT "TRATAMIENT" true true false 70 Text 0 0 ,First,#,PUGS\TRATAMIENTOS URBANÍSTICOS PARA LOS POLÍGONOS DE INTERVENCIÓN TERRITORIAL,TRATAMIENT,-1,-1;NOMBRE "NOMBRE" true true false 100 Text 0 0 ,First,#,PUGS\TRATAMIENTOS URBANÍSTICOS PARA LOS POLÍGONOS DE INTERVENCIÓN TERRITORIAL,NOMBRE,-1,-1;ÁREA_HA "ÁREA_HA" true true false 19 Double 0 0 ,First,#,PUGS\TRATAMIENTOS URBANÍSTICOS PARA LOS POLÍGONOS DE INTERVENCIÓN TERRITORIAL,ÁREA_HA,-1,-1;CLASIF_SUE "CLASIF_SUE" true true false 100 Text 0 0 ,First,#,PUGS\TRATAMIENTOS URBANÍSTICOS PARA LOS POLÍGONOS DE INTERVENCIÓN TERRITORIAL,CLASIF_SUE,-1,-1;SUBCLASIF_ "SUBCLASIF_" true true false 100 Text 0 0 ,First,#,PUGS\TRATAMIENTOS URBANÍSTICOS PARA LOS POLÍGONOS DE INTERVENCIÓN TERRITORIAL,SUBCLASIF_,-1,-1;USO_GENERA "USO_GENERA" true true false 60 Text 0 0 ,First,#,PUGS\TRATAMIENTOS URBANÍSTICOS PARA LOS POLÍGONOS DE INTERVENCIÓN TERRITORIAL,USO_GENERA,-1,-1;DISTRITO "DISTRITO" true true false 60 Text 0 0 ,First,#,PUGS\TRATAMIENTOS URBANÍSTICOS PARA LOS POLÍGONOS DE INTERVENCIÓN TERRITORIAL,DISTRITO,-1,-1" #</Process></lineage><itemProps><itemName Sync="TRUE">PIT_CAB_CANT</itemName><imsContentType Sync="TRUE">002</imsContentType><itemLocation><linkage Sync="TRUE">file://\\JSOCOLAS\G$\Municipio\2.SIL\INFORMACION_SIL_2021\1. Uso y ocupación del suelo\PIT_CAB_CANT.shp</linkage><protocol Sync="TRUE">Local Area Network</protocol></itemLocation><itemSize Sync="TRUE">0.162</itemSize><nativeExtBox><westBL Sync="TRUE">600944.407300</westBL><eastBL Sync="TRUE">626799.539300</eastBL><southBL Sync="TRUE">9747150.312600</southBL><northBL Sync="TRUE">9783087.377400</northBL><exTypeCode Sync="TRUE">1</exTypeCode></nativeExtBox></itemProps><copyHistory><copy source="D:\VANESSA\PDOT Y PUGS 2020\PLANOS\PÓLIGONOS DE INTERVENCIÓN TERRITORIAL\POL_INTERV_TERRIT" dest="\\DESKTOP-2CDGNG2\C$\Users\vanes\OneDrive\Escritorio\RICARDO\MAPA 60. PITS Y TRATAMIENTOS\MAPA 60. PITS Y TRATAMIENTOS\commondata\póligonos_de_intervención_territorial\POL_INTERV_TERRIT" date="20210827" time="10555500"></copy></copyHistory><coordRef><type Sync="TRUE">Projected</type><geogcsn Sync="TRUE">GCS_WGS_1984</geogcsn><csUnits Sync="TRUE">Linear Unit: Meter (1.000000)</csUnits><projcsn Sync="TRUE">WGS_1984_UTM_Zone_17S</projcsn><peXml Sync="TRUE">&lt;ProjectedCoordinateSystem xsi:type='typens:ProjectedCoordinateSystem' xmlns:xsi='http://www.w3.org/2001/XMLSchema-instance' xmlns:xs='http://www.w3.org/2001/XMLSchema' xmlns:typens='http://www.esri.com/schemas/ArcGIS/10.7'&gt;&lt;WKT&gt;PROJCS[&amp;quot;WGS_1984_UTM_Zone_17S&amp;quot;,GEOGCS[&amp;quot;GCS_WGS_1984&amp;quot;,DATUM[&amp;quot;D_WGS_1984&amp;quot;,SPHEROID[&amp;quot;WGS_1984&amp;quot;,6378137.0,298.257223563]],PRIMEM[&amp;quot;Greenwich&amp;quot;,0.0],UNIT[&amp;quot;Degree&amp;quot;,0.0174532925199433]],PROJECTION[&amp;quot;Transverse_Mercator&amp;quot;],PARAMETER[&amp;quot;False_Easting&amp;quot;,500000.0],PARAMETER[&amp;quot;False_Northing&amp;quot;,10000000.0],PARAMETER[&amp;quot;Central_Meridian&amp;quot;,-81.0],PARAMETER[&amp;quot;Scale_Factor&amp;quot;,0.9996],PARAMETER[&amp;quot;Latitude_Of_Origin&amp;quot;,0.0],UNIT[&amp;quot;Meter&amp;quot;,1.0],AUTHORITY[&amp;quot;EPSG&amp;quot;,32717]]&lt;/WKT&gt;&lt;XOrigin&gt;-5120900&lt;/XOrigin&gt;&lt;YOrigin&gt;1900&lt;/YOrigin&gt;&lt;XYScale&gt;450445547.3910538&lt;/XYScale&gt;&lt;ZOrigin&gt;-100000&lt;/ZOrigin&gt;&lt;ZScale&gt;10000&lt;/ZScale&gt;&lt;MOrigin&gt;-100000&lt;/MOrigin&gt;&lt;MScale&gt;10000&lt;/MScale&gt;&lt;XYTolerance&gt;0.001&lt;/XYTolerance&gt;&lt;ZTolerance&gt;0.001&lt;/ZTolerance&gt;&lt;MTolerance&gt;0.001&lt;/MTolerance&gt;&lt;HighPrecision&gt;true&lt;/HighPrecision&gt;&lt;WKID&gt;32717&lt;/WKID&gt;&lt;LatestWKID&gt;32717&lt;/LatestWKID&gt;&lt;/ProjectedCoordinateSystem&gt;</peXml></coordRef></DataProperties><SyncDate>20220202</SyncDate><SyncTime>11264900</SyncTime><ModDate>20220202</ModDate><ModTime>11264900</ModTime></Esri><dataIdInfo><envirDesc Sync="TRUE"> Version 6.2 (Build 9200) ; Esri ArcGIS 10.8.0.12790</envirDesc><dataLang><languageCode value="spa" Sync="TRUE"></languageCode><countryCode value="ECU" Sync="TRUE"></countryCode></dataLang><idCitation><resTitle Sync="TRUE">PIT_CAB_CANT</resTitle><presForm><PresFormCd value="005" Sync="TRUE"></PresFormCd></presForm></idCitation><spatRpType><SpatRepTypCd value="001" Sync="TRUE"></SpatRepTypCd></spatRpType><dataExt><geoEle><GeoBndBox esriExtentType="search"><exTypeCode Sync="TRUE">1</exTypeCode><westBL Sync="TRUE">-80.092348</westBL><eastBL Sync="TRUE">-79.859658</eastBL><northBL Sync="TRUE">-1.962078</northBL><southBL Sync="TRUE">-2.287309</southBL></GeoBndBox></geoEle></dataExt></dataIdInfo><mdLang><languageCode value="spa" Sync="TRUE"></languageCode><countryCode value="ECU" Sync="TRUE"></countryCode></mdLang><distInfo><distFormat><formatName Sync="TRUE">Shapefile</formatName></distFormat><distTranOps><transSize Sync="TRUE">0.162</transSize></distTranOps></distInfo><mdHrLv><ScopeCd value="005" Sync="TRUE"></ScopeCd></mdHrLv><mdHrLvName Sync="TRUE">dataset</mdHrLvName><spatRepInfo><VectSpatRep><geometObjs Name="PIT_CAB_CANT"><geoObjTyp><GeoObjTypCd value="002" Sync="TRUE"></GeoObjTypCd></geoObjTyp><geoObjCnt Sync="TRUE">15</geoObjCnt></geometObjs><topLvl><TopoLevCd value="001" Sync="TRUE"></TopoLevCd></topLvl></VectSpatRep></spatRepInfo><spdoinfo><ptvctinf><esriterm Name="PIT_CAB_CANT"><efeatyp Sync="TRUE">Simple</efeatyp><efeageom code="4" Sync="TRUE"></efeageom><esritopo Sync="TRUE">FALSE</esritopo><efeacnt Sync="TRUE">15</efeacnt><spindex Sync="TRUE">TRUE</spindex><linrefer Sync="TRUE">FALSE</linrefer></esriterm></ptvctinf></spdoinfo><eainfo><detailed Name="PIT_CAB_CANT"><enttyp><enttypl Sync="TRUE">PIT_CAB_CANT</enttypl><enttypt Sync="TRUE">Feature Class</enttypt><enttypc Sync="TRUE">15</enttypc></enttyp><attr><attrlabl Sync="TRUE">FID</attrlabl><attalias Sync="TRUE">FID</attalias><attrtype Sync="TRUE">OID</attrtype><attwidth Sync="TRUE">4</attwidth><atprecis Sync="TRUE">0</atprecis><attscale Sync="TRUE">0</attscale><attrdef Sync="TRUE">Internal feature number.</attrdef><attrdefs Sync="TRUE">Esri</attrdefs><attrdomv><udom Sync="TRUE">Sequential unique whole numbers that are automatically generated.</udom></attrdomv></attr><attr><attrlabl Sync="TRUE">OBJECTID</attrlabl><attalias Sync="TRUE">OBJECTID</attalias><attrtype Sync="TRUE">Integer</attrtype><attwidth Sync="TRUE">10</attwidth><atprecis Sync="TRUE">10</atprecis><attscale Sync="TRUE">0</attscale><attrdef Sync="TRUE">Internal feature number.</attrdef><attrdefs Sync="TRUE">Esri</attrdefs><attrdomv><udom Sync="TRUE">Sequential unique whole numbers that are automatically generated.</udom></attrdomv></attr><attr><attrlabl Sync="TRUE">Shape</attrlabl><attalias Sync="TRUE">Shape</attalias><attrtype Sync="TRUE">Geometry</attrtype><attwidth Sync="TRUE">0</attwidth><atprecis Sync="TRUE">0</atprecis><attscale Sync="TRUE">0</attscale><attrdef Sync="TRUE">Feature geometry.</attrdef><attrdefs Sync="TRUE">Esri</attrdefs><attrdomv><udom Sync="TRUE">Coordinates defining the features.</udom></attrdomv></attr><attr><attrlabl Sync="TRUE">DENOMINACI</attrlabl><attalias Sync="TRUE">DENOMINACI</attalias><attrtype Sync="TRUE">String</attrtype><attwidth Sync="TRUE">100</attwidth><atprecis Sync="TRUE">0</atprecis><attscale Sync="TRUE">0</attscale></attr><attr><attrlabl Sync="TRUE">TRATAMIENT</attrlabl><attalias Sync="TRUE">TRATAMIENT</attalias><attrtype Sync="TRUE">String</attrtype><attwidth Sync="TRUE">70</attwidth><atprecis Sync="TRUE">0</atprecis><attscale Sync="TRUE">0</attscale></attr><attr><attrlabl Sync="TRUE">NOMBRE</attrlabl><attalias Sync="TRUE">NOMBRE</attalias><attrtype Sync="TRUE">String</attrtype><attwidth Sync="TRUE">100</attwidth><atprecis Sync="TRUE">0</atprecis><attscale Sync="TRUE">0</attscale></attr><attr><attrlabl Sync="TRUE">ÁREA_HA</attrlabl><attalias Sync="TRUE">ÁREA_HA</attalias><attrtype Sync="TRUE">Double</attrtype><attwidth Sync="TRUE">19</attwidth><atprecis Sync="TRUE">0</atprecis><attscale Sync="TRUE">0</attscale></attr><attr><attrlabl Sync="TRUE">CLASIF_SUE</attrlabl><attalias Sync="TRUE">CLASIF_SUE</attalias><attrtype Sync="TRUE">String</attrtype><attwidth Sync="TRUE">100</attwidth><atprecis Sync="TRUE">0</atprecis><attscale Sync="TRUE">0</attscale></attr><attr><attrlabl Sync="TRUE">SUBCLASIF_</attrlabl><attalias Sync="TRUE">SUBCLASIF_</attalias><attrtype Sync="TRUE">String</attrtype><attwidth Sync="TRUE">100</attwidth><atprecis Sync="TRUE">0</atprecis><attscale Sync="TRUE">0</attscale></attr><attr><attrlabl Sync="TRUE">USO_GENERA</attrlabl><attalias Sync="TRUE">USO_GENERA</attalias><attrtype Sync="TRUE">String</attrtype><attwidth Sync="TRUE">60</attwidth><atprecis Sync="TRUE">0</atprecis><attscale Sync="TRUE">0</attscale></attr><attr><attrlabl Sync="TRUE">DISTRITO</attrlabl><attalias Sync="TRUE">DISTRITO</attalias><attrtype Sync="TRUE">String</attrtype><attwidth Sync="TRUE">60</attwidth><atprecis Sync="TRUE">0</atprecis><attscale Sync="TRUE">0</attscale></attr><attr><attrlabl Sync="TRUE">Shape_Leng</attrlabl><attalias Sync="TRUE">Shape_Leng</attalias><attrtype Sync="TRUE">Double</attrtype><attwidth Sync="TRUE">19</attwidth><atprecis Sync="TRUE">0</atprecis><attscale Sync="TRUE">0</attscale></attr><attr><attrlabl Sync="TRUE">Shape_Area</attrlabl><attalias Sync="TRUE">Shape_Area</attalias><attrtype Sync="TRUE">Double</attrtype><attwidth Sync="TRUE">19</attwidth><atprecis Sync="TRUE">0</atprecis><attscale Sync="TRUE">0</attscale><attrdef Sync="TRUE">Area of feature in internal units squared.</attrdef><attrdefs Sync="TRUE">Esri</attrdefs><attrdomv><udom Sync="TRUE">Positive real numbers that are automatically generated.</udom></attrdomv></attr></detailed></eainfo><mdDateSt Sync="TRUE">20220202</mdDateSt><refSysInfo><RefSystem><refSysID><identCode code="32717" Sync="TRUE"></identCode><idCodeSpace Sync="TRUE">EPSG</idCodeSpace><idVersion Sync="TRUE">2.1(3.0.1)</idVersion></refSysID></RefSystem></refSysInfo></metadata>
