<?xml version="1.0" encoding="UTF-8"?>
<metadata xml:lang="es"><Esri><CreaDate>20220422</CreaDate><CreaTime>12293600</CreaTime><ArcGISFormat>1.0</ArcGISFormat><SyncOnce>TRUE</SyncOnce><DataProperties><itemProps><itemLocation><linkage Sync="TRUE">file://\\PC80SECRE193\C$\geo_información\SMIQ1\emgirs\AD010_CENTRAL_ELECTRICA_A</linkage><protocol Sync="TRUE">Local Area Network</protocol></itemLocation></itemProps><copyHistory><copy source="C:\Users\archamorro\Documents\MUNICIPIO DE QUITO\Geoportal\2022\EMGIRS\AD010_CENTRAL_ELECTRICA_A" dest="\\PC80SECRE193\C$\geo_información\SMIQ1\emgirs\AD010_CENTRAL_ELECTRICA_A" date="20220422" time="12293600"></copy></copyHistory></DataProperties></Esri></metadata>
