<?xml version="1.0"?>
<!--<!DOCTYPE metadata SYSTEM "http://www.esri.com/metadata/esriprof80.dtd">-->
<metadata xml:lang="es"><Esri><CreaDate>20120425</CreaDate><CreaTime>14490900</CreaTime><SyncOnce>FALSE</SyncOnce><SyncDate>20130111</SyncDate><SyncTime>11492400</SyncTime><ModDate>20130111</ModDate><ModTime>11492400</ModTime><DataProperties><lineage><Process Name="Merge_8" ToolSource="C:\Archivos de programa\ArcGIS\ArcToolbox\Toolboxes\Data Management Tools.tbx\Merge" Date="20090508" Time="145237">Merge E:\TERMINADOS\50000\ECUADOR_WGS84_GEO.mdb\A_MISCELANEOS\ZONA_URBANA_A;E:\TERMINADOS\50000\ECUADOR_WGS84_GEO.mdb\A_MISCELANEOS\ZONA_URBANA_A1 E:\TERMINADOS\50000\ECUADOR_WGS84_GEO.mdb\A_MISCELANEOS\ZONA_URBANA_A_Merge "fcode fcode true false false 5 Text 0 0 ,First,#,E:\TERMINADOS\50000\ECUADOR_WGS84_GEO.mdb\A_MISCELANEOS\ZONA_URBANA_A,fcode,-1,-1,E:\TERMINADOS\50000\ECUADOR_WGS84_GEO.mdb\A_MISCELANEOS\ZONA_URBANA_A1,fcode,-1,-1;descripcion descripcion true true false 250 Text 0 0 ,First,#,E:\TERMINADOS\50000\ECUADOR_WGS84_GEO.mdb\A_MISCELANEOS\ZONA_URBANA_A,descripcion,-1,-1,E:\TERMINADOS\50000\ECUADOR_WGS84_GEO.mdb\A_MISCELANEOS\ZONA_URBANA_A1,descripcion,-1,-1;nam nam true true false 80 Text 0 0 ,First,#,E:\TERMINADOS\50000\ECUADOR_WGS84_GEO.mdb\A_MISCELANEOS\ZONA_URBANA_A,nam,-1,-1,E:\TERMINADOS\50000\ECUADOR_WGS84_GEO.mdb\A_MISCELANEOS\ZONA_URBANA_A1,nam,-1,-1;na2 na2 true true false 80 Text 0 0 ,First,#,E:\TERMINADOS\50000\ECUADOR_WGS84_GEO.mdb\A_MISCELANEOS\ZONA_URBANA_A,na2,-1,-1,E:\TERMINADOS\50000\ECUADOR_WGS84_GEO.mdb\A_MISCELANEOS\ZONA_URBANA_A1,na2,-1,-1;acc acc true false false 2 Short 0 0 ,First,#,E:\TERMINADOS\50000\ECUADOR_WGS84_GEO.mdb\A_MISCELANEOS\ZONA_URBANA_A,acc,-1,-1,E:\TERMINADOS\50000\ECUADOR_WGS84_GEO.mdb\A_MISCELANEOS\ZONA_URBANA_A1,acc,-1,-1;acc_desc acc_desc true true false 80 Text 0 0 ,First,#,E:\TERMINADOS\50000\ECUADOR_WGS84_GEO.mdb\A_MISCELANEOS\ZONA_URBANA_A,acc_desc,-1,-1,E:\TERMINADOS\50000\ECUADOR_WGS84_GEO.mdb\A_MISCELANEOS\ZONA_URBANA_A1,acc_desc,-1,-1;exs exs true false false 2 Short 0 0 ,First,#,E:\TERMINADOS\50000\ECUADOR_WGS84_GEO.mdb\A_MISCELANEOS\ZONA_URBANA_A,exs,-1,-1,E:\TERMINADOS\50000\ECUADOR_WGS84_GEO.mdb\A_MISCELANEOS\ZONA_URBANA_A1,exs,-1,-1;exs_desc exs_desc true true false 80 Text 0 0 ,First,#,E:\TERMINADOS\50000\ECUADOR_WGS84_GEO.mdb\A_MISCELANEOS\ZONA_URBANA_A,exs_desc,-1,-1,E:\TERMINADOS\50000\ECUADOR_WGS84_GEO.mdb\A_MISCELANEOS\ZONA_URBANA_A1,exs_desc,-1,-1;nute nute true true false 11 Text 0 0 ,First,#,E:\TERMINADOS\50000\ECUADOR_WGS84_GEO.mdb\A_MISCELANEOS\ZONA_URBANA_A,nute,-1,-1,E:\TERMINADOS\50000\ECUADOR_WGS84_GEO.mdb\A_MISCELANEOS\ZONA_URBANA_A1,nute,-1,-1;txt txt true true false 250 Text 0 0 ,First,#,E:\TERMINADOS\50000\ECUADOR_WGS84_GEO.mdb\A_MISCELANEOS\ZONA_URBANA_A,txt,-1,-1,E:\TERMINADOS\50000\ECUADOR_WGS84_GEO.mdb\A_MISCELANEOS\ZONA_URBANA_A1,txt,-1,-1;SHAPE_Length SHAPE_Length false true true 8 Double 0 0 ,First,#,E:\TERMINADOS\50000\ECUADOR_WGS84_GEO.mdb\A_MISCELANEOS\ZONA_URBANA_A,SHAPE_Length,-1,-1,E:\TERMINADOS\50000\ECUADOR_WGS84_GEO.mdb\A_MISCELANEOS\ZONA_URBANA_A1,Shape_Length,-1,-1;SHAPE_Area SHAPE_Area false true true 8 Double 0 0 ,First,#,E:\TERMINADOS\50000\ECUADOR_WGS84_GEO.mdb\A_MISCELANEOS\ZONA_URBANA_A,SHAPE_Area,-1,-1,E:\TERMINADOS\50000\ECUADOR_WGS84_GEO.mdb\A_MISCELANEOS\ZONA_URBANA_A1,Shape_Area,-1,-1"</Process><Process ToolSource="C:\Program Files\ArcGIS\Desktop10.0\ArcToolbox\Toolboxes\Data Management Tools.tbx\CalculateField" Date="20120308" Time="123121">CalculateField zona_urbana_a descripcion "ÁREA QUE CONTIENE CONCENTRACIÓN DE CASAS Y OTRAS ESTRUCTURAS" VB #</Process><Process ToolSource="C:\Program Files\ArcGIS\Desktop10.0\ArcToolbox\Toolboxes\Data Management Tools.tbx\CalculateField" Date="20120308" Time="123950">CalculateField zona_urbana_a txt "Cabecera Parroquial" VB #</Process><Process ToolSource="C:\Program Files\ArcGIS\Desktop10.0\ArcToolbox\Toolboxes\Data Management Tools.tbx\CalculateField" Date="20120308" Time="124416">CalculateField zona_urbana_a txt "Área en Estudio" VB #</Process><Process ToolSource="C:\Program Files\ArcGIS\Desktop10.0\ArcToolbox\Toolboxes\Data Management Tools.tbx\CalculateField" Date="20120308" Time="124550">CalculateField zona_urbana_a acc_desc "EXACTA" VB #</Process><Process ToolSource="C:\Program Files\ArcGIS\Desktop10.0\ArcToolbox\Toolboxes\Data Management Tools.tbx\CalculateField" Date="20120308" Time="124610">CalculateField zona_urbana_a acc_desc "PRECISA" VB #</Process><Process ToolSource="C:\Program Files\ArcGIS\Desktop10.0\ArcToolbox\Toolboxes\Data Management Tools.tbx\CalculateField" Date="20120308" Time="124855">CalculateField zona_urbana_a nute 3 VB #</Process><Process ToolSource="C:\Program Files\ArcGIS\Desktop10.0\ArcToolbox\Toolboxes\Data Management Tools.tbx\CalculateField" Date="20120308" Time="124904">CalculateField zona_urbana_a txt "Área en Estudio" VB #</Process><Process ToolSource="C:\Program Files\ArcGIS\Desktop10.0\ArcToolbox\Toolboxes\Data Management Tools.tbx\CalculateField" Date="20120308" Time="125111">CalculateField zona_urbana_a nute 30209009 VB #</Process><Process ToolSource="C:\Program Files\ArcGIS\Desktop10.0\ArcToolbox\Toolboxes\Data Management Tools.tbx\CalculateField" Date="20120308" Time="125119">CalculateField zona_urbana_a txt "" VB #</Process><Process ToolSource="C:\Program Files\ArcGIS\Desktop10.0\ArcToolbox\Toolboxes\Data Management Tools.tbx\CalculateField" Date="20120308" Time="125234">CalculateField zona_urbana_a nute 30103003062 VB #</Process><Process ToolSource="C:\Program Files\ArcGIS\Desktop10.0\ArcToolbox\Toolboxes\Data Management Tools.tbx\CalculateField" Date="20120308" Time="125256">CalculateField zona_urbana_a txt "Cabecera Parroquial" VB #</Process><Process ToolSource="C:\Program Files\ArcGIS\Desktop10.0\ArcToolbox\Toolboxes\Data Management Tools.tbx\CalculateField" Date="20120308" Time="134445">CalculateField zona_urbana_a nute 30117005050 VB #</Process><Process ToolSource="C:\Program Files\ArcGIS\Desktop10.0\ArcToolbox\Toolboxes\Data Management Tools.tbx\CalculateField" Date="20120308" Time="134631">CalculateField zona_urbana_a nam "BAÑOS DE AGUA SANTA" VB #</Process><Process ToolSource="C:\Program Files\ArcGIS\Desktop10.0\ArcToolbox\Toolboxes\Data Management Tools.tbx\CalculateField" Date="20120308" Time="134641">CalculateField zona_urbana_a nute 30118002050 VB #</Process><Process ToolSource="C:\Program Files\ArcGIS\Desktop10.0\ArcToolbox\Toolboxes\Data Management Tools.tbx\CalculateField" Date="20120308" Time="134746">CalculateField zona_urbana_a nute 30319006050 VB #</Process><Process ToolSource="C:\Program Files\ArcGIS\Desktop10.0\ArcToolbox\Toolboxes\Data Management Tools.tbx\CalculateField" Date="20120308" Time="134836">CalculateField zona_urbana_a nute 30316002050 VB #</Process><Process ToolSource="C:\Program Files\ArcGIS\Desktop10.0\ArcToolbox\Toolboxes\Data Management Tools.tbx\CalculateField" Date="20120308" Time="134938">CalculateField zona_urbana_a nute 30208004050 VB #</Process><Process ToolSource="C:\Program Files\ArcGIS\Desktop10.0\ArcToolbox\Toolboxes\Data Management Tools.tbx\CalculateField" Date="20120308" Time="135053">CalculateField zona_urbana_a nute 30110001054 VB #</Process><Process ToolSource="C:\Program Files\ArcGIS\Desktop10.0\ArcToolbox\Toolboxes\Data Management Tools.tbx\CalculateField" Date="20120308" Time="135147">CalculateField zona_urbana_a txt "Cabecera Cantonal" VB #</Process><Process ToolSource="C:\Program Files\ArcGIS\Desktop10.0\ArcToolbox\Toolboxes\Data Management Tools.tbx\CalculateField" Date="20120308" Time="135304">CalculateField zona_urbana_a nute 30111001061 VB #</Process><Process ToolSource="C:\Program Files\ArcGIS\Desktop10.0\ArcToolbox\Toolboxes\Data Management Tools.tbx\CalculateField" Date="20120308" Time="135543">CalculateField zona_urbana_a nam "EL EMPALME" VB #</Process><Process ToolSource="C:\Program Files\ArcGIS\Desktop10.0\ArcToolbox\Toolboxes\Data Management Tools.tbx\CalculateField" Date="20120308" Time="135549">CalculateField zona_urbana_a na2 "" VB #</Process><Process ToolSource="C:\Program Files\ArcGIS\Desktop10.0\ArcToolbox\Toolboxes\Data Management Tools.tbx\CalculateField" Date="20120308" Time="135618">CalculateField zona_urbana_a txt "Cabecera Cantonal" VB #</Process><Process ToolSource="C:\Program Files\ArcGIS\Desktop10.0\ArcToolbox\Toolboxes\Data Management Tools.tbx\CalculateField" Date="20120308" Time="135658">CalculateField zona_urbana_a txt "Cabecera Cantonal" VB #</Process><Process ToolSource="C:\Program Files\ArcGIS\Desktop10.0\ArcToolbox\Toolboxes\Data Management Tools.tbx\CalculateField" Date="20120308" Time="135755">CalculateField zona_urbana_a txt "Cabecera Cantonal" VB #</Process><Process ToolSource="C:\Program Files\ArcGIS\Desktop10.0\ArcToolbox\Toolboxes\Data Management Tools.tbx\CalculateField" Date="20120308" Time="140019">CalculateField zona_urbana_a nute 30208002054 VB #</Process><Process ToolSource="C:\Program Files\ArcGIS\Desktop10.0\ArcToolbox\Toolboxes\Data Management Tools.tbx\CalculateField" Date="20120308" Time="140650">CalculateField zona_urbana_a nute 30213008050 VB #</Process><Process ToolSource="C:\Program Files\ArcGIS\Desktop10.0\ArcToolbox\Toolboxes\Data Management Tools.tbx\CalculateField" Date="20120308" Time="140659">CalculateField zona_urbana_a txt "Cabecera Cantonal" VB #</Process><Process ToolSource="C:\Program Files\ArcGIS\Desktop10.0\ArcToolbox\Toolboxes\Data Management Tools.tbx\CalculateField" Date="20120308" Time="140811">CalculateField zona_urbana_a txt "Cabecera Cantonal" VB #</Process><Process ToolSource="C:\Program Files\ArcGIS\Desktop10.0\ArcToolbox\Toolboxes\Data Management Tools.tbx\CalculateField" Date="20120308" Time="141726">CalculateField zona_urbana_a txt "Cabecera Cantonal" VB #</Process><Process ToolSource="C:\Program Files\ArcGIS\Desktop10.0\ArcToolbox\Toolboxes\Data Management Tools.tbx\CalculateField" Date="20120308" Time="142100">CalculateField zona_urbana_a txt "Cabecera Cantonal" VB #</Process><Process ToolSource="C:\Program Files\ArcGIS\Desktop10.0\ArcToolbox\Toolboxes\Data Management Tools.tbx\CalculateField" Date="20120308" Time="142149">CalculateField zona_urbana_a txt "Cabecera Cantonal" VB #</Process><Process ToolSource="C:\Program Files\ArcGIS\Desktop10.0\ArcToolbox\Toolboxes\Data Management Tools.tbx\CalculateField" Date="20120308" Time="142156">CalculateField zona_urbana_a na2 "YANTZAZAl" VB #</Process><Process ToolSource="C:\Program Files\ArcGIS\Desktop10.0\ArcToolbox\Toolboxes\Data Management Tools.tbx\CalculateField" Date="20120308" Time="142202">CalculateField zona_urbana_a na2 "YANTZAZA" VB #</Process><Process ToolSource="C:\Program Files\ArcGIS\Desktop10.0\ArcToolbox\Toolboxes\Data Management Tools.tbx\CalculateField" Date="20120308" Time="142337">CalculateField zona_urbana_a nam "GENERAL LEONIDAS PLAZA GUTIÉRREZ" VB #</Process><Process ToolSource="C:\Program Files\ArcGIS\Desktop10.0\ArcToolbox\Toolboxes\Data Management Tools.tbx\CalculateField" Date="20120308" Time="142351">CalculateField zona_urbana_a na2 "LIMÓN" VB #</Process><Process ToolSource="C:\Program Files\ArcGIS\Desktop10.0\ArcToolbox\Toolboxes\Data Management Tools.tbx\CalculateField" Date="20120308" Time="142401">CalculateField zona_urbana_a txt "Cabecera Cantonal" VB #</Process><Process ToolSource="C:\Program Files\ArcGIS\Desktop10.0\ArcToolbox\Toolboxes\Data Management Tools.tbx\CalculateField" Date="20120308" Time="142448">CalculateField zona_urbana_a txt "Cabecera Cantonal" VB #</Process><Process ToolSource="C:\Program Files\ArcGIS\Desktop10.0\ArcToolbox\Toolboxes\Data Management Tools.tbx\CalculateField" Date="20120308" Time="142704">CalculateField zona_urbana_a txt "Capital Provincial" VB #</Process><Process ToolSource="C:\Program Files\ArcGIS\Desktop10.0\ArcToolbox\Toolboxes\Data Management Tools.tbx\CalculateField" Date="20120308" Time="142846">CalculateField zona_urbana_a txt "Capital Provincial" VB #</Process><Process ToolSource="C:\Program Files\ArcGIS\Desktop10.0\ArcToolbox\Toolboxes\Data Management Tools.tbx\CalculateField" Date="20120308" Time="142923">CalculateField zona_urbana_a txt "Capital Provincial" VB #</Process><Process ToolSource="C:\Program Files\ArcGIS\Desktop10.0\ArcToolbox\Toolboxes\Data Management Tools.tbx\CalculateField" Date="20120308" Time="143323">CalculateField zona_urbana_a nam "EL JUNCAL" VB #</Process><Process ToolSource="C:\Program Files\ArcGIS\Desktop10.0\ArcToolbox\Toolboxes\Data Management Tools.tbx\CalculateField" Date="20120308" Time="143655">CalculateField zona_urbana_a txt "Capital Provincial" VB #</Process><Process ToolSource="C:\Program Files\ArcGIS\Desktop10.0\ArcToolbox\Toolboxes\Data Management Tools.tbx\CalculateField" Date="20120308" Time="143718">CalculateField zona_urbana_a txt "Capital Provincial" VB #</Process><Process ToolSource="C:\Program Files\ArcGIS\Desktop10.0\ArcToolbox\Toolboxes\Data Management Tools.tbx\CalculateField" Date="20120308" Time="144020">CalculateField zona_urbana_a txt "Capital Provincial" VB #</Process><Process ToolSource="C:\Program Files\ArcGIS\Desktop10.0\ArcToolbox\Toolboxes\Data Management Tools.tbx\CalculateField" Date="20120308" Time="144237">CalculateField zona_urbana_a txt "Capital Provincial" VB #</Process><Process ToolSource="C:\Program Files\ArcGIS\Desktop10.0\ArcToolbox\Toolboxes\Data Management Tools.tbx\CalculateField" Date="20120308" Time="144430">CalculateField zona_urbana_a txt "Capital Provincial" VB #</Process><Process ToolSource="C:\Program Files\ArcGIS\Desktop10.0\ArcToolbox\Toolboxes\Data Management Tools.tbx\CalculateField" Date="20120308" Time="144439">CalculateField zona_urbana_a nute 30123001 VB #</Process><Process ToolSource="C:\Program Files\ArcGIS\Desktop10.0\ArcToolbox\Toolboxes\Data Management Tools.tbx\CalculateField" Date="20120308" Time="144447">CalculateField zona_urbana_a nute 30123001050 VB #</Process><Process ToolSource="C:\Program Files\ArcGIS\Desktop10.0\ArcToolbox\Toolboxes\Data Management Tools.tbx\CalculateField" Date="20120308" Time="145045">CalculateField zona_urbana_a txt "Poblado" VB #</Process><Process ToolSource="C:\Program Files\ArcGIS\Desktop10.0\ArcToolbox\Toolboxes\Data Management Tools.tbx\CalculateField" Date="20120308" Time="151813">CalculateField zona_urbana_a nute 3 VB #</Process><Process ToolSource="C:\Program Files\ArcGIS\Desktop10.0\ArcToolbox\Toolboxes\Data Management Tools.tbx\CalculateField" Date="20120308" Time="151820">CalculateField zona_urbana_a txt "Área en Estudio" VB #</Process><Process ToolSource="C:\Program Files\ArcGIS\Desktop10.0\ArcToolbox\Toolboxes\Data Management Tools.tbx\CalculateField" Date="20120420" Time="122304">CalculateField zona_urbana_a descripcion "ÁREA QUE CONTIENE CONCENTRACIÓN DE CASAS Y OTRAS ESTRUCTURAS" VB #</Process><Process ToolSource="C:\Program Files\ArcGIS\Desktop10.0\ArcToolbox\Toolboxes\Data Management Tools.tbx\CalculateField" Date="20120420" Time="122315">CalculateField zona_urbana_a fcode "AL020" VB #</Process><Process ToolSource="C:\Program Files\ArcGIS\Desktop10.0\ArcToolbox\Toolboxes\Data Management Tools.tbx\CalculateField" Date="20120420" Time="122402">CalculateField zona_urbana_a txt "Poblado" VB #</Process><Process ToolSource="C:\Program Files\ArcGIS\Desktop10.0\ArcToolbox\Toolboxes\Data Management Tools.tbx\CalculateField" Date="20120420" Time="122621">CalculateField zona_urbana_a nute 30102007001 VB #</Process><Process ToolSource="C:\Program Files\ArcGIS\Desktop10.0\ArcToolbox\Toolboxes\Data Management Tools.tbx\CalculateField" Date="20120420" Time="122651">CalculateField zona_urbana_a txt "Cabecera Parroquial" VB #</Process><Process ToolSource="C:\Program Files\ArcGIS\Desktop10.0\ArcToolbox\Toolboxes\Data Management Tools.tbx\CalculateField" Date="20120420" Time="122737">CalculateField zona_urbana_a txt "Cabecera Cantonal" VB #</Process><Process ToolSource="C:\Program Files\ArcGIS\Desktop10.0\ArcToolbox\Toolboxes\Data Management Tools.tbx\CalculateField" Date="20120420" Time="122758">CalculateField zona_urbana_a txt "Cabecera Parroquial" VB #</Process><Process ToolSource="C:\Program Files\ArcGIS\Desktop10.0\ArcToolbox\Toolboxes\Data Management Tools.tbx\CalculateField" Date="20120420" Time="122918">CalculateField zona_urbana_a txt "Poblado" VB #</Process><Process ToolSource="C:\Program Files\ArcGIS\Desktop10.0\ArcToolbox\Toolboxes\Data Management Tools.tbx\CalculateField" Date="20120420" Time="122949">CalculateField zona_urbana_a txt "Poblado" VB #</Process><Process ToolSource="C:\Program Files\ArcGIS\Desktop10.0\ArcToolbox\Toolboxes\Data Management Tools.tbx\CalculateField" Date="20120420" Time="123019">CalculateField zona_urbana_a txt "Poblado" VB #</Process><Process ToolSource="C:\Program Files\ArcGIS\Desktop10.0\ArcToolbox\Toolboxes\Data Management Tools.tbx\CalculateField" Date="20120420" Time="123050">CalculateField zona_urbana_a txt "Poblado" VB #</Process><Process ToolSource="C:\Program Files\ArcGIS\Desktop10.0\ArcToolbox\Toolboxes\Data Management Tools.tbx\CalculateField" Date="20120420" Time="123123">CalculateField zona_urbana_a txt "Poblado" VB #</Process><Process ToolSource="C:\Program Files\ArcGIS\Desktop10.0\ArcToolbox\Toolboxes\Data Management Tools.tbx\CalculateField" Date="20120420" Time="123223">CalculateField zona_urbana_a nute 30204001057 VB #</Process><Process ToolSource="C:\Program Files\ArcGIS\Desktop10.0\ArcToolbox\Toolboxes\Data Management Tools.tbx\CalculateField" Date="20120420" Time="123242">CalculateField zona_urbana_a txt "Cabecera Parroquial" VB #</Process><Process ToolSource="C:\Program Files\ArcGIS\Desktop10.0\ArcToolbox\Toolboxes\Data Management Tools.tbx\CalculateField" Date="20120420" Time="123358">CalculateField zona_urbana_a nute 30207001003 VB #</Process><Process ToolSource="c:\archivos de programa\arcgis\desktop10.0\ArcToolbox\Toolboxes\Data Management Tools.tbx\RepairGeometry" Date="20120730" Time="093800">RepairGeometry zona_urbana_a DELETE_NULL</Process><Process ToolSource="c:\program files\arcgis\desktop10.0\ArcToolbox\Toolboxes\Data Management Tools.tbx\RepairGeometry" Date="20121211" Time="085409">RepairGeometry zona_urbana_a DELETE_NULL</Process><Process ToolSource="c:\program files\arcgis\desktop10.0\ArcToolbox\Toolboxes\Data Management Tools.tbx\RepairGeometry" Date="20121211" Time="090647">RepairGeometry zona_urbana_a DELETE_NULL</Process><Process ToolSource="C:\Program Files\ArcGIS\Desktop10.0\ArcToolbox\Toolboxes\Analysis Tools.tbx\Clip" Date="20121213" Time="091041">Clip "New Group Layer\zona_urbana_a" "CORTE CARTAS" D:\ANDRES\50.000\cartas\IBARRA_8417S\IBARRA_8417S.mdb\GS_CONSTRUCCIONES\zona_urbana_a #</Process><Process ToolSource="c:\program files\arcgis\desktop10.0\ArcToolbox\Toolboxes\Data Management Tools.tbx\CopyFeatures" Date="20130111" Time="114924">CopyFeatures D:\ANDRES\50.000\cartas\IBARRA_8417S.mdb\GS_CONSTRUCCIONES\zona_urbana_a D:\ANDRES\50.000\SHP\IBARRA_8417S\zona_urbana_a.shp # 0 0 0</Process></lineage><itemProps><itemLocation><linkage Sync="TRUE">file://\\GEO_SIG07\D$\ANDRES\50.000\SHP\IBARRA_8417S\zona_urbana_a.shp</linkage><protocol Sync="TRUE">Local Area Network</protocol></itemLocation><itemName Sync="TRUE">zona_urbana_a</itemName><imsContentType Sync="TRUE">002</imsContentType><itemSize Sync="TRUE">0.000</itemSize></itemProps><coordRef><type Sync="TRUE">Projected</type><geogcsn Sync="TRUE">GCS_WGS_1984</geogcsn><csUnits Sync="TRUE">Linear Unit: Meter (1.000000)</csUnits><projcsn Sync="TRUE">WGS_1984_UTM_Zone_17S</projcsn><peXml Sync="TRUE">&lt;ProjectedCoordinateSystem xsi:type='typens:ProjectedCoordinateSystem' xmlns:xsi='http://www.w3.org/2001/XMLSchema-instance' xmlns:xs='http://www.w3.org/2001/XMLSchema' xmlns:typens='http://www.esri.com/schemas/ArcGIS/10.0'&gt;&lt;WKT&gt;PROJCS[&amp;quot;WGS_1984_UTM_Zone_17S&amp;quot;,GEOGCS[&amp;quot;GCS_WGS_1984&amp;quot;,DATUM[&amp;quot;D_WGS_1984&amp;quot;,SPHEROID[&amp;quot;WGS_1984&amp;quot;,6378137.0,298.257223563]],PRIMEM[&amp;quot;Greenwich&amp;quot;,0.0],UNIT[&amp;quot;Degree&amp;quot;,0.0174532925199433]],PROJECTION[&amp;quot;Transverse_Mercator&amp;quot;],PARAMETER[&amp;quot;False_Easting&amp;quot;,500000.0],PARAMETER[&amp;quot;False_Northing&amp;quot;,10000000.0],PARAMETER[&amp;quot;Central_Meridian&amp;quot;,-81.0],PARAMETER[&amp;quot;Scale_Factor&amp;quot;,0.9996],PARAMETER[&amp;quot;Latitude_Of_Origin&amp;quot;,0.0],UNIT[&amp;quot;Meter&amp;quot;,1.0],AUTHORITY[&amp;quot;EPSG&amp;quot;,32717]]&lt;/WKT&gt;&lt;XOrigin&gt;-5120900&lt;/XOrigin&gt;&lt;YOrigin&gt;1900&lt;/YOrigin&gt;&lt;XYScale&gt;450445547.3910538&lt;/XYScale&gt;&lt;ZOrigin&gt;-100000&lt;/ZOrigin&gt;&lt;ZScale&gt;10000&lt;/ZScale&gt;&lt;MOrigin&gt;-100000&lt;/MOrigin&gt;&lt;MScale&gt;10000&lt;/MScale&gt;&lt;XYTolerance&gt;0.001&lt;/XYTolerance&gt;&lt;ZTolerance&gt;0.001&lt;/ZTolerance&gt;&lt;MTolerance&gt;0.001&lt;/MTolerance&gt;&lt;HighPrecision&gt;true&lt;/HighPrecision&gt;&lt;WKID&gt;32717&lt;/WKID&gt;&lt;/ProjectedCoordinateSystem&gt;</peXml></coordRef></DataProperties><ArcGISFormat>1.0</ArcGISFormat></Esri><idinfo><native Sync="TRUE">Microsoft Windows XP Version 5.1 (Build 2600) Service Pack 2; ESRI ArcCatalog 9.2.0.1324</native><descript><langdata Sync="TRUE">es</langdata><abstract>REQUIRED: A brief narrative summary of the data set.</abstract><purpose>REQUIRED: A summary of the intentions with which the data set was developed.</purpose></descript><citation><citeinfo><origin>REQUIRED: The name of an organization or individual that developed the data set.</origin><pubdate>REQUIRED: The date when the data set is published or otherwise made available for release.</pubdate><title Sync="TRUE">ZONA_URBANA_A</title><ftname Sync="TRUE">ZONA_URBANA_A</ftname><geoform Sync="TRUE">vector digital data</geoform><onlink Sync="TRUE">\\GGUERRON\E\PROYECTOS\FISCALIZACION 50000\BDD\BD_ ECUADOR_WGS84_17S_f.mdb</onlink></citeinfo></citation><timeperd><current>REQUIRED: The basis on which the time period of content information is determined.</current><timeinfo><sngdate><caldate>REQUIRED: The year (and optionally month, or month and day) for which the data set corresponds to the ground.</caldate></sngdate></timeinfo></timeperd><status><progress>REQUIRED: The state of the data set.</progress><update>REQUIRED: The frequency with which changes and additions are made to the data set after the initial data set is completed.</update></status><spdom><bounding><westbc Sync="TRUE">-80.057172</westbc><eastbc Sync="TRUE">-78.019620</eastbc><northbc Sync="TRUE">1.293294</northbc><southbc Sync="TRUE">0.000000</southbc></bounding><lboundng><leftbc Sync="TRUE">604917.960000</leftbc><rightbc Sync="TRUE">831708.390000</rightbc><bottombc Sync="TRUE">10000000.000000</bottombc><topbc Sync="TRUE">10142967.552800</topbc></lboundng></spdom><keywords><theme><themekt>REQUIRED: Reference to a formally registered thesaurus or a similar authoritative source of theme keywords.</themekt><themekey>REQUIRED: Common-use word or phrase used to describe the subject of the data set.</themekey></theme></keywords><accconst>REQUIRED: Restrictions and legal prerequisites for accessing the data set.</accconst><useconst>REQUIRED: Restrictions and legal prerequisites for using the data set after access is granted.</useconst><natvform Sync="TRUE">Personal GeoDatabase Feature Class</natvform></idinfo><dataIdInfo><envirDesc Sync="TRUE">Microsoft Windows 7 Version 6.1 (Build 7601) Service Pack 1; ESRI ArcGIS 10.0.5.4400</envirDesc><dataLang><languageCode Sync="TRUE" value="spa"></languageCode><countryCode value="ESP" Sync="TRUE"></countryCode></dataLang><idCitation><resTitle Sync="TRUE">zona_urbana_a</resTitle><presForm><PresFormCd Sync="TRUE" value="005"></PresFormCd></presForm></idCitation><spatRpType><SpatRepTypCd Sync="TRUE" value="001"></SpatRepTypCd></spatRpType><dataExt><geoEle><GeoBndBox esriExtentType="native"><westBL Sync="TRUE">604917.96</westBL><eastBL Sync="TRUE">831708.39</eastBL><northBL Sync="TRUE">10142967.5528</northBL><southBL Sync="TRUE">10000000</southBL><exTypeCode Sync="TRUE">1</exTypeCode></GeoBndBox></geoEle></dataExt><geoBox esriExtentType="decdegrees"><westBL Sync="TRUE">-80.057172</westBL><eastBL Sync="TRUE">-78.01962</eastBL><northBL Sync="TRUE">1.293294</northBL><southBL Sync="TRUE">0</southBL><exTypeCode Sync="TRUE">1</exTypeCode></geoBox></dataIdInfo><metainfo><langmeta Sync="TRUE">es</langmeta><metstdn Sync="TRUE">FGDC Content Standards for Digital Geospatial Metadata</metstdn><metstdv Sync="TRUE">FGDC-STD-001-1998</metstdv><mettc Sync="TRUE">local time</mettc><metc><cntinfo><cntorgp><cntper>REQUIRED: The person responsible for the metadata information.</cntper><cntorg>REQUIRED: The organization responsible for the metadata information.</cntorg></cntorgp><cntaddr><addrtype>REQUIRED: The mailing and/or physical address for the organization or individual.</addrtype><city>REQUIRED: The city of the address.</city><state>REQUIRED: The state or province of the address.</state><postal>REQUIRED: The ZIP or other postal code of the address.</postal></cntaddr><cntvoice>REQUIRED: The telephone number by which individuals can speak to the organization or individual.</cntvoice></cntinfo></metc><metd Sync="TRUE">20090903</metd></metainfo><mdLang><languageCode Sync="TRUE" value="spa"></languageCode><countryCode value="ESP" Sync="TRUE"></countryCode></mdLang><mdStanName Sync="TRUE">ISO 19115 Geographic Information - Metadata</mdStanName><mdStanVer Sync="TRUE">DIS_ESRI1.0</mdStanVer><mdChar><CharSetCd Sync="TRUE" value="004"></CharSetCd></mdChar><mdHrLv><ScopeCd Sync="TRUE" value="005"></ScopeCd></mdHrLv><mdHrLvName Sync="TRUE">dataset</mdHrLvName><distinfo><resdesc Sync="TRUE">Downloadable Data</resdesc></distinfo><distInfo><distributor><distorTran><onLineSrc><orDesc Sync="TRUE">002</orDesc><linkage Sync="TRUE">file://\\GGUERRON\E\PROYECTOS\FISCALIZACION 50000\BDD\BD_ ECUADOR_WGS84_17S_f.mdb</linkage><protocol Sync="TRUE">Local Area Network</protocol></onLineSrc></distorTran><distorFormat><formatName Sync="TRUE">Personal GeoDatabase Feature Class</formatName></distorFormat></distributor><distFormat><formatName Sync="TRUE">Shapefile</formatName></distFormat><distTranOps><transSize Sync="TRUE">0.000</transSize></distTranOps></distInfo><spdoinfo><direct Sync="TRUE">Vector</direct><ptvctinf><esriterm><efeatyp Sync="TRUE">Simple</efeatyp><efeageom code="4" Sync="TRUE"></efeageom><esritopo Sync="TRUE">FALSE</esritopo><efeacnt Sync="TRUE">0</efeacnt><spindex Sync="TRUE">FALSE</spindex><linrefer Sync="TRUE">FALSE</linrefer></esriterm></ptvctinf></spdoinfo><spref><horizsys><cordsysn><geogcsn Sync="TRUE">GCS_WGS_1984</geogcsn><projcsn Sync="TRUE">WGS_1984_UTM_Zone_17S</projcsn></cordsysn><geodetic><horizdn Sync="TRUE">D_WGS_1984</horizdn><ellips Sync="TRUE">WGS_1984</ellips><semiaxis Sync="TRUE">6378137.000000</semiaxis><denflat Sync="TRUE">298.257224</denflat></geodetic><planar><planci><plance Sync="TRUE">coordinate pair</plance><plandu Sync="TRUE">meters</plandu><coordrep><absres Sync="TRUE">0.000100</absres><ordres Sync="TRUE">0.000100</ordres></coordrep></planci></planar></horizsys><vertdef><altsys><altenc Sync="TRUE">Explicit elevation coordinate included with horizontal coordinates</altenc><altres Sync="TRUE">0.000100</altres></altsys></vertdef></spref><refSysInfo><RefSystem><refSysID><identCode Sync="TRUE" value="32717">WGS_1984_UTM_Zone_17S</identCode><idCodeSpace Sync="TRUE">EPSG</idCodeSpace><idVersion Sync="TRUE">7.4.1</idVersion></refSysID></RefSystem></refSysInfo><spatRepInfo><VectSpatRep><geometObjs Name="zona_urbana_a"><geoObjTyp><GeoObjTypCd value="002" Sync="TRUE"></GeoObjTypCd></geoObjTyp><geoObjCnt Sync="TRUE">0</geoObjCnt></geometObjs><topLvl><TopoLevCd value="001" Sync="TRUE"></TopoLevCd></topLvl></VectSpatRep></spatRepInfo><eainfo><detailed Name="zona_urbana_a"><enttyp><enttypl Sync="TRUE">zona_urbana_a</enttypl><enttypt Sync="TRUE">Feature Class</enttypt><enttypc Sync="TRUE">0</enttypc></enttyp><attr><attrlabl Sync="TRUE">FID</attrlabl><attalias Sync="TRUE">FID</attalias><attrtype Sync="TRUE">OID</attrtype><attwidth Sync="TRUE">4</attwidth><atprecis Sync="TRUE">0</atprecis><attscale Sync="TRUE">0</attscale><attrdef Sync="TRUE">Internal feature number.</attrdef><attrdefs Sync="TRUE">ESRI</attrdefs><attrdomv><udom Sync="TRUE">Sequential unique whole numbers that are automatically generated.</udom></attrdomv></attr><attr><attrlabl Sync="TRUE">Shape</attrlabl><attalias Sync="TRUE">Shape</attalias><attrtype Sync="TRUE">Geometry</attrtype><attwidth Sync="TRUE">0</attwidth><atprecis Sync="TRUE">0</atprecis><attscale Sync="TRUE">0</attscale><attrdef Sync="TRUE">Feature geometry.</attrdef><attrdefs Sync="TRUE">ESRI</attrdefs><attrdomv><udom Sync="TRUE">Coordinates defining the features.</udom></attrdomv></attr><attr><attrlabl Sync="TRUE">fcode</attrlabl><attalias Sync="TRUE">fcode</attalias><attrtype Sync="TRUE">String</attrtype><attwidth Sync="TRUE">5</attwidth><atprecis Sync="TRUE">0</atprecis><attscale Sync="TRUE">0</attscale></attr><attr><attrlabl Sync="TRUE">descripcio</attrlabl><attalias Sync="TRUE">descripcio</attalias><attrtype Sync="TRUE">String</attrtype><attwidth Sync="TRUE">250</attwidth><atprecis Sync="TRUE">0</atprecis><attscale Sync="TRUE">0</attscale></attr><attr><attrlabl Sync="TRUE">nam</attrlabl><attalias Sync="TRUE">nam</attalias><attrtype Sync="TRUE">String</attrtype><attwidth Sync="TRUE">80</attwidth><atprecis Sync="TRUE">0</atprecis><attscale Sync="TRUE">0</attscale></attr><attr><attrlabl Sync="TRUE">na2</attrlabl><attalias Sync="TRUE">na2</attalias><attrtype Sync="TRUE">String</attrtype><attwidth Sync="TRUE">80</attwidth><atprecis Sync="TRUE">0</atprecis><attscale Sync="TRUE">0</attscale></attr><attr><attrlabl Sync="TRUE">acc</attrlabl><attalias Sync="TRUE">acc</attalias><attrtype Sync="TRUE">SmallInteger</attrtype><attwidth Sync="TRUE">4</attwidth><atprecis Sync="TRUE">4</atprecis><attscale Sync="TRUE">0</attscale></attr><attr><attrlabl Sync="TRUE">acc_desc</attrlabl><attalias Sync="TRUE">acc_desc</attalias><attrtype Sync="TRUE">String</attrtype><attwidth Sync="TRUE">80</attwidth><atprecis Sync="TRUE">0</atprecis><attscale Sync="TRUE">0</attscale></attr><attr><attrlabl Sync="TRUE">nute</attrlabl><attalias Sync="TRUE">nute</attalias><attrtype Sync="TRUE">String</attrtype><attwidth Sync="TRUE">11</attwidth><atprecis Sync="TRUE">0</atprecis><attscale Sync="TRUE">0</attscale></attr><attr><attrlabl Sync="TRUE">txt</attrlabl><attalias Sync="TRUE">txt</attalias><attrtype Sync="TRUE">String</attrtype><attwidth Sync="TRUE">250</attwidth><atprecis Sync="TRUE">0</atprecis><attscale Sync="TRUE">0</attscale></attr><attr><attrlabl Sync="TRUE">Shape_Leng</attrlabl><attalias Sync="TRUE">Shape_Leng</attalias><attrtype Sync="TRUE">Double</attrtype><attwidth Sync="TRUE">19</attwidth><atprecis Sync="TRUE">0</atprecis><attscale Sync="TRUE">0</attscale></attr><attr><attrlabl Sync="TRUE">Shape_Area</attrlabl><attalias Sync="TRUE">Shape_Area</attalias><attrtype Sync="TRUE">Double</attrtype><attwidth Sync="TRUE">19</attwidth><atprecis Sync="TRUE">0</atprecis><attscale Sync="TRUE">0</attscale><attrdef Sync="TRUE">Area of feature in internal units squared.</attrdef><attrdefs Sync="TRUE">ESRI</attrdefs><attrdomv><udom Sync="TRUE">Positive real numbers that are automatically generated.</udom></attrdomv></attr></detailed></eainfo><mdDateSt Sync="TRUE">20130111</mdDateSt><dataqual><lineage><procstep><procdesc Sync="TRUE">Dataset copied.</procdesc><srcused Sync="TRUE">\\GSIGARCINIEGAS\D\MDB ARCINIEGAS\ECUADOR_WGS84_GEO.mdb</srcused><date Sync="TRUE">20090617</date><time Sync="TRUE">12461800</time></procstep><procstep><procdesc Sync="TRUE">Dataset copied.</procdesc><srcused Sync="TRUE">\\GGUERRON\E\PROYECTOS\FISCALIZACION 50000\BDD\BD_ ECUADOR_WGS84_17S_f.mdb</srcused><date Sync="TRUE">20110222</date><time Sync="TRUE">10455200</time></procstep><procstep><procdesc Sync="TRUE">Dataset copied.</procdesc><srcused Sync="TRUE">\\GGUERRON\E\PROYECTOS\FISCALIZACION 50000\BDD\BD_ ECUADOR_WGS84_17S_f.mdb</srcused><date Sync="TRUE">20110222</date><time Sync="TRUE">12351400</time></procstep></lineage></dataqual></metadata>
