<?xml version="1.0"?>
<!--<!DOCTYPE metadata SYSTEM "http://www.esri.com/metadata/esriprof80.dtd">-->
<metadata xml:lang="es"><Esri><CreaDate>20120425</CreaDate><CreaTime>14480700</CreaTime><SyncOnce>FALSE</SyncOnce><SyncDate>20130111</SyncDate><SyncTime>11491800</SyncTime><ModDate>20130111</ModDate><ModTime>11491800</ModTime><DataProperties><lineage><Process Name="Merge_1" ToolSource="C:\Archivos de programa\ArcGIS\ArcToolbox\Toolboxes\Data Management Tools.tbx\Merge" Date="20090519" Time="094047">Merge E:\TERMINADOS\50000\ECUADOR_WGS84_GEO.mdb\A_MISCELANEOS\EDIFICIO_P;\\Edicion09\buzon\CATALOGO_WGS84GEO.mdb\A_MISCELANEOS\EDIFICIO_P E:\TERMINADOS\50000\ECUADOR_WGS84_GEO.mdb\A_MISCELANEOS\EDIFICIO_P_Merge "fcode fcode true false false 5 Text 0 0 ,First,#,E:\TERMINADOS\50000\ECUADOR_WGS84_GEO.mdb\A_MISCELANEOS\EDIFICIO_P,fcode,-1,-1,\\Edicion09\buzon\CATALOGO_WGS84GEO.mdb\A_MISCELANEOS\EDIFICIO_P,fcode,-1,-1;descripcion descripcion true true false 250 Text 0 0 ,First,#,E:\TERMINADOS\50000\ECUADOR_WGS84_GEO.mdb\A_MISCELANEOS\EDIFICIO_P,descripcion,-1,-1,\\Edicion09\buzon\CATALOGO_WGS84GEO.mdb\A_MISCELANEOS\EDIFICIO_P,descripcion,-1,-1;nam nam true true false 80 Text 0 0 ,First,#,E:\TERMINADOS\50000\ECUADOR_WGS84_GEO.mdb\A_MISCELANEOS\EDIFICIO_P,nam,-1,-1,\\Edicion09\buzon\CATALOGO_WGS84GEO.mdb\A_MISCELANEOS\EDIFICIO_P,nam,-1,-1;acc acc true false false 2 Short 0 0 ,First,#,E:\TERMINADOS\50000\ECUADOR_WGS84_GEO.mdb\A_MISCELANEOS\EDIFICIO_P,acc,-1,-1,\\Edicion09\buzon\CATALOGO_WGS84GEO.mdb\A_MISCELANEOS\EDIFICIO_P,acc,-1,-1;acc_desc acc_desc true true false 80 Text 0 0 ,First,#,E:\TERMINADOS\50000\ECUADOR_WGS84_GEO.mdb\A_MISCELANEOS\EDIFICIO_P,acc_desc,-1,-1,\\Edicion09\buzon\CATALOGO_WGS84GEO.mdb\A_MISCELANEOS\EDIFICIO_P,acc_desc,-1,-1;bfc bfc true false false 2 Short 0 0 ,First,#,E:\TERMINADOS\50000\ECUADOR_WGS84_GEO.mdb\A_MISCELANEOS\EDIFICIO_P,bfc,-1,-1,\\Edicion09\buzon\CATALOGO_WGS84GEO.mdb\A_MISCELANEOS\EDIFICIO_P,bfc,-1,-1;bfc_desc bfc_desc true true false 80 Text 0 0 ,First,#,E:\TERMINADOS\50000\ECUADOR_WGS84_GEO.mdb\A_MISCELANEOS\EDIFICIO_P,bfc_desc,-1,-1,\\Edicion09\buzon\CATALOGO_WGS84GEO.mdb\A_MISCELANEOS\EDIFICIO_P,bfc_desc,-1,-1;exs exs true false false 2 Short 0 0 ,First,#,E:\TERMINADOS\50000\ECUADOR_WGS84_GEO.mdb\A_MISCELANEOS\EDIFICIO_P,exs,-1,-1,\\Edicion09\buzon\CATALOGO_WGS84GEO.mdb\A_MISCELANEOS\EDIFICIO_P,exs,-1,-1;exs_desc exs_desc true true false 80 Text 0 0 ,First,#,E:\TERMINADOS\50000\ECUADOR_WGS84_GEO.mdb\A_MISCELANEOS\EDIFICIO_P,exs_desc,-1,-1,\\Edicion09\buzon\CATALOGO_WGS84GEO.mdb\A_MISCELANEOS\EDIFICIO_P,exs_desc,-1,-1;ebt ebt true false false 2 Short 0 0 ,First,#,E:\TERMINADOS\50000\ECUADOR_WGS84_GEO.mdb\A_MISCELANEOS\EDIFICIO_P,ebt,-1,-1,\\Edicion09\buzon\CATALOGO_WGS84GEO.mdb\A_MISCELANEOS\EDIFICIO_P,ebt,-1,-1;ebt_desc ebt_desc true true false 80 Text 0 0 ,First,#,E:\TERMINADOS\50000\ECUADOR_WGS84_GEO.mdb\A_MISCELANEOS\EDIFICIO_P,ebt_desc,-1,-1,\\Edicion09\buzon\CATALOGO_WGS84GEO.mdb\A_MISCELANEOS\EDIFICIO_P,ebt_desc,-1,-1;hwt hwt true false false 2 Short 0 0 ,First,#,E:\TERMINADOS\50000\ECUADOR_WGS84_GEO.mdb\A_MISCELANEOS\EDIFICIO_P,hwt,-1,-1,\\Edicion09\buzon\CATALOGO_WGS84GEO.mdb\A_MISCELANEOS\EDIFICIO_P,hwt,-1,-1;hwt_desc hwt_desc true true false 80 Text 0 0 ,First,#,E:\TERMINADOS\50000\ECUADOR_WGS84_GEO.mdb\A_MISCELANEOS\EDIFICIO_P,hwt_desc,-1,-1,\\Edicion09\buzon\CATALOGO_WGS84GEO.mdb\A_MISCELANEOS\EDIFICIO_P,hwt_desc,-1,-1;rel rel true false false 2 Short 0 0 ,First,#,E:\TERMINADOS\50000\ECUADOR_WGS84_GEO.mdb\A_MISCELANEOS\EDIFICIO_P,rel,-1,-1,\\Edicion09\buzon\CATALOGO_WGS84GEO.mdb\A_MISCELANEOS\EDIFICIO_P,rel,-1,-1;rel_desc rel_desc true true false 80 Text 0 0 ,First,#,E:\TERMINADOS\50000\ECUADOR_WGS84_GEO.mdb\A_MISCELANEOS\EDIFICIO_P,rel_desc,-1,-1,\\Edicion09\buzon\CATALOGO_WGS84GEO.mdb\A_MISCELANEOS\EDIFICIO_P,rel_desc,-1,-1;txt txt true true false 250 Text 0 0 ,First,#,E:\TERMINADOS\50000\ECUADOR_WGS84_GEO.mdb\A_MISCELANEOS\EDIFICIO_P,txt,-1,-1,\\Edicion09\buzon\CATALOGO_WGS84GEO.mdb\A_MISCELANEOS\EDIFICIO_P,txt,-1,-1"</Process><Process ToolSource="C:\Program Files\ArcGIS\Desktop10.0\ArcToolbox\Toolboxes\Data Management Tools.tbx\CalculateField" Date="20120305" Time="092505">CalculateField edificio_p acc_desc "EXACTA" VB #</Process><Process ToolSource="C:\Program Files\ArcGIS\Desktop10.0\ArcToolbox\Toolboxes\Data Management Tools.tbx\CalculateField" Date="20120305" Time="092529">CalculateField edificio_p acc_desc "PRECISA" VB #</Process><Process ToolSource="C:\Program Files\ArcGIS\Desktop10.0\ArcToolbox\Toolboxes\Data Management Tools.tbx\CalculateField" Date="20120305" Time="092611">CalculateField edificio_p bfc_desc "INFORMACIÓN NO DISPONIBLE" VB #</Process><Process ToolSource="C:\Program Files\ArcGIS\Desktop10.0\ArcToolbox\Toolboxes\Data Management Tools.tbx\CalculateField" Date="20120305" Time="092711">CalculateField edificio_p bfc_desc "CASA GOBIERNO" VB #</Process><Process ToolSource="C:\Program Files\ArcGIS\Desktop10.0\ArcToolbox\Toolboxes\Data Management Tools.tbx\CalculateField" Date="20120305" Time="092750">CalculateField edificio_p bfc_desc "EDIFICIO GUBERNAMENTAL" VB #</Process><Process ToolSource="C:\Program Files\ArcGIS\Desktop10.0\ArcToolbox\Toolboxes\Data Management Tools.tbx\CalculateField" Date="20120305" Time="092832">CalculateField edificio_p bfc_desc "HOSPITAL" VB #</Process><Process ToolSource="C:\Program Files\ArcGIS\Desktop10.0\ArcToolbox\Toolboxes\Data Management Tools.tbx\CalculateField" Date="20120305" Time="092919">CalculateField edificio_p bfc_desc "CASA DE CULTO" VB #</Process><Process ToolSource="C:\Program Files\ArcGIS\Desktop10.0\ArcToolbox\Toolboxes\Data Management Tools.tbx\CalculateField" Date="20120305" Time="093112">CalculateField edificio_p bfc_desc "ADMINISTRACIÓN/ OPERACIONES MILITARES" VB #</Process><Process ToolSource="C:\Program Files\ArcGIS\Desktop10.0\ArcToolbox\Toolboxes\Data Management Tools.tbx\CalculateField" Date="20120305" Time="093153">CalculateField edificio_p bfc_desc "MUSEO" VB #</Process><Process ToolSource="C:\Program Files\ArcGIS\Desktop10.0\ArcToolbox\Toolboxes\Data Management Tools.tbx\CalculateField" Date="20120305" Time="093236">CalculateField edificio_p bfc_desc "ESTACIÓN POLICÍA" VB #</Process><Process ToolSource="C:\Program Files\ArcGIS\Desktop10.0\ArcToolbox\Toolboxes\Data Management Tools.tbx\CalculateField" Date="20120305" Time="093738">CalculateField edificio_p bfc_desc "CÁRCEL" VB #</Process><Process ToolSource="C:\Program Files\ArcGIS\Desktop10.0\ArcToolbox\Toolboxes\Data Management Tools.tbx\CalculateField" Date="20120305" Time="093940">CalculateField edificio_p bfc_desc "ESCUELA" VB #</Process><Process ToolSource="C:\Program Files\ArcGIS\Desktop10.0\ArcToolbox\Toolboxes\Data Management Tools.tbx\CalculateField" Date="20120305" Time="094038">CalculateField edificio_p bfc_desc "CASA" VB #</Process><Process ToolSource="C:\Program Files\ArcGIS\Desktop10.0\ArcToolbox\Toolboxes\Data Management Tools.tbx\CalculateField" Date="20120305" Time="094113">CalculateField edificio_p bfc_desc "EDIFICIOS CEMENTERIO" VB #</Process><Process ToolSource="C:\Program Files\ArcGIS\Desktop10.0\ArcToolbox\Toolboxes\Data Management Tools.tbx\CalculateField" Date="20120305" Time="094312">CalculateField edificio_p bfc_desc "CASA DE HACIENDA / GRANJA /FINCA / RANCHO / QUINTA" VB #</Process><Process ToolSource="C:\Program Files\ArcGIS\Desktop10.0\ArcToolbox\Toolboxes\Data Management Tools.tbx\CalculateField" Date="20120305" Time="100824">CalculateField edificio_p bfc_desc "INVERNADERO" VB #</Process><Process ToolSource="C:\Program Files\ArcGIS\Desktop10.0\ArcToolbox\Toolboxes\Data Management Tools.tbx\CalculateField" Date="20120305" Time="100859">CalculateField edificio_p bfc_desc "MOLINO" VB #</Process><Process ToolSource="C:\Program Files\ArcGIS\Desktop10.0\ArcToolbox\Toolboxes\Data Management Tools.tbx\CalculateField" Date="20120305" Time="100926">CalculateField edificio_p bfc_desc "BODEGA" VB #</Process><Process ToolSource="C:\Program Files\ArcGIS\Desktop10.0\ArcToolbox\Toolboxes\Data Management Tools.tbx\CalculateField" Date="20120305" Time="101006">CalculateField edificio_p bfc_desc "HANGAR" VB #</Process><Process ToolSource="C:\Program Files\ArcGIS\Desktop10.0\ArcToolbox\Toolboxes\Data Management Tools.tbx\CalculateField" Date="20120305" Time="101041">CalculateField edificio_p bfc_desc "CENTRO DE SALUD" VB #</Process><Process ToolSource="C:\Program Files\ArcGIS\Desktop10.0\ArcToolbox\Toolboxes\Data Management Tools.tbx\CalculateField" Date="20120305" Time="101117">CalculateField edificio_p bfc_desc "ESTACIÓN BOMBEROS" VB #</Process><Process ToolSource="C:\Program Files\ArcGIS\Desktop10.0\ArcToolbox\Toolboxes\Data Management Tools.tbx\CalculateField" Date="20120305" Time="101202">CalculateField edificio_p bfc_desc "JARDÍN DE INFANTES / GUARDERÍA" VB #</Process><Process ToolSource="C:\Program Files\ArcGIS\Desktop10.0\ArcToolbox\Toolboxes\Data Management Tools.tbx\CalculateField" Date="20120305" Time="101249">CalculateField edificio_p bfc_desc "IGLESIA" VB #</Process><Process ToolSource="C:\Program Files\ArcGIS\Desktop10.0\ArcToolbox\Toolboxes\Data Management Tools.tbx\CalculateField" Date="20120305" Time="102242">CalculateField edificio_p bfc_desc "MERCADO" VB #</Process><Process ToolSource="C:\Program Files\ArcGIS\Desktop10.0\ArcToolbox\Toolboxes\Data Management Tools.tbx\CalculateField" Date="20120305" Time="102550">CalculateField edificio_p bfc_desc "LABORATORIOS DE INVESTIGACIÓN Y DESARROLLO/INFRAESTRUCTURA DE INVESTIGACIÓN" VB #</Process><Process ToolSource="C:\Program Files\ArcGIS\Desktop10.0\ArcToolbox\Toolboxes\Data Management Tools.tbx\CalculateField" Date="20120305" Time="102833">CalculateField edificio_p bfc_desc "UNIVERSIDAD / COLEGIO" VB #</Process><Process ToolSource="C:\Program Files\ArcGIS\Desktop10.0\ArcToolbox\Toolboxes\Data Management Tools.tbx\CalculateField" Date="20120305" Time="102914">CalculateField edificio_p bfc_desc "CASA DE LA GUARDIA" VB #</Process><Process ToolSource="C:\Program Files\ArcGIS\Desktop10.0\ArcToolbox\Toolboxes\Data Management Tools.tbx\CalculateField" Date="20120305" Time="102953">CalculateField edificio_p bfc_desc "ASERRADERO" VB #</Process><Process ToolSource="C:\Program Files\ArcGIS\Desktop10.0\ArcToolbox\Toolboxes\Data Management Tools.tbx\CalculateField" Date="20120305" Time="103110">CalculateField edificio_p bfc_desc "CONTROL DE PUERTO" VB #</Process><Process ToolSource="C:\Program Files\ArcGIS\Desktop10.0\ArcToolbox\Toolboxes\Data Management Tools.tbx\CalculateField" Date="20120305" Time="103146">CalculateField edificio_p bfc_desc "ESTACIÓN MARÍTIMA" VB #</Process><Process ToolSource="C:\Program Files\ArcGIS\Desktop10.0\ArcToolbox\Toolboxes\Data Management Tools.tbx\CalculateField" Date="20120305" Time="103233">CalculateField edificio_p bfc_desc "GENERACIÓN ELÉCTRICA" VB #</Process><Process ToolSource="C:\Program Files\ArcGIS\Desktop10.0\ArcToolbox\Toolboxes\Data Management Tools.tbx\CalculateField" Date="20120305" Time="103304">CalculateField edificio_p bfc_desc "PROCESAMIENTO/TRATAMIENTO" VB #</Process><Process ToolSource="C:\Program Files\ArcGIS\Desktop10.0\ArcToolbox\Toolboxes\Data Management Tools.tbx\CalculateField" Date="20120305" Time="103359">CalculateField edificio_p bfc_desc "ESTACIONES DE CONTROL DEL TIEMPO" VB #</Process><Process ToolSource="C:\Program Files\ArcGIS\Desktop10.0\ArcToolbox\Toolboxes\Data Management Tools.tbx\CalculateField" Date="20120305" Time="103431">CalculateField edificio_p bfc_desc "ESTACIÓN DEL TREN" VB #</Process><Process ToolSource="C:\Program Files\ArcGIS\Desktop10.0\ArcToolbox\Toolboxes\Data Management Tools.tbx\CalculateField" Date="20120305" Time="103502">CalculateField edificio_p bfc_desc "HOTEL" VB #</Process><Process ToolSource="C:\Program Files\ArcGIS\Desktop10.0\ArcToolbox\Toolboxes\Data Management Tools.tbx\CalculateField" Date="20120305" Time="103531">CalculateField edificio_p bfc_desc "CENTRO MÉDICO" VB #</Process><Process ToolSource="C:\Program Files\ArcGIS\Desktop10.0\ArcToolbox\Toolboxes\Data Management Tools.tbx\CalculateField" Date="20120305" Time="103557">CalculateField edificio_p bfc_desc "MUNICIPIO" VB #</Process><Process ToolSource="C:\Program Files\ArcGIS\Desktop10.0\ArcToolbox\Toolboxes\Data Management Tools.tbx\CalculateField" Date="20120305" Time="103636">CalculateField edificio_p bfc_desc "ESTACIÓN DE GAS / GASOLINA / ACEITE" VB #</Process><Process ToolSource="C:\Program Files\ArcGIS\Desktop10.0\ArcToolbox\Toolboxes\Data Management Tools.tbx\CalculateField" Date="20120305" Time="103710">CalculateField edificio_p bfc_desc "SEMINARIO" VB #</Process><Process ToolSource="C:\Program Files\ArcGIS\Desktop10.0\ArcToolbox\Toolboxes\Data Management Tools.tbx\CalculateField" Date="20120305" Time="103745">CalculateField edificio_p bfc_desc "HOSTAL" VB #</Process><Process ToolSource="C:\Program Files\ArcGIS\Desktop10.0\ArcToolbox\Toolboxes\Data Management Tools.tbx\CalculateField" Date="20120305" Time="103819">CalculateField edificio_p bfc_desc "FÁBRICAS" VB #</Process><Process ToolSource="C:\Program Files\ArcGIS\Desktop10.0\ArcToolbox\Toolboxes\Data Management Tools.tbx\CalculateField" Date="20120305" Time="103846">CalculateField edificio_p bfc_desc "CENTRO COMUNITARIO" VB #</Process><Process ToolSource="C:\Program Files\ArcGIS\Desktop10.0\ArcToolbox\Toolboxes\Data Management Tools.tbx\CalculateField" Date="20120305" Time="103912">CalculateField edificio_p bfc_desc "CENTRO DE COMPRAS" VB #</Process><Process ToolSource="C:\Program Files\ArcGIS\Desktop10.0\ArcToolbox\Toolboxes\Data Management Tools.tbx\CalculateField" Date="20120305" Time="103928">CalculateField edificio_p bfc_desc "CENTRO DE COMPRAS" VB #</Process><Process ToolSource="C:\Program Files\ArcGIS\Desktop10.0\ArcToolbox\Toolboxes\Data Management Tools.tbx\CalculateField" Date="20120305" Time="104039">CalculateField edificio_p bfc_desc "OTRO" VB #</Process><Process ToolSource="C:\Program Files\ArcGIS\Desktop10.0\ArcToolbox\Toolboxes\Data Management Tools.tbx\CalculateField" Date="20120305" Time="104343">CalculateField edificio_p descripcion "ESTRUCTURA RELATIVAMENTE PERMANENTE, DISEÑADA PARA ALGÚN USO PARTICULAR" VB #</Process><Process ToolSource="C:\Program Files\ArcGIS\Desktop10.0\ArcToolbox\Toolboxes\Data Management Tools.tbx\CalculateField" Date="20120305" Time="104541">CalculateField edificio_p ebt_desc "INFORMACIÓN NO DISPONIBLE" VB #</Process><Process ToolSource="C:\Program Files\ArcGIS\Desktop10.0\ArcToolbox\Toolboxes\Data Management Tools.tbx\CalculateField" Date="20120305" Time="104707">CalculateField edificio_p ebt_desc "ACADEMIA" VB #</Process><Process ToolSource="C:\Program Files\ArcGIS\Desktop10.0\ArcToolbox\Toolboxes\Data Management Tools.tbx\CalculateField" Date="20120305" Time="104743">CalculateField edificio_p ebt_desc "COLEGIO" VB #</Process><Process ToolSource="C:\Program Files\ArcGIS\Desktop10.0\ArcToolbox\Toolboxes\Data Management Tools.tbx\CalculateField" Date="20120305" Time="104847">CalculateField edificio_p ebt_desc "CENTRO EDUCACIONAL" VB #</Process><Process ToolSource="C:\Program Files\ArcGIS\Desktop10.0\ArcToolbox\Toolboxes\Data Management Tools.tbx\CalculateField" Date="20120305" Time="104934">CalculateField edificio_p ebt_desc "LICEO" VB #</Process><Process ToolSource="C:\Program Files\ArcGIS\Desktop10.0\ArcToolbox\Toolboxes\Data Management Tools.tbx\CalculateField" Date="20120305" Time="105009">CalculateField edificio_p ebt_desc "UNIVERSIDAD" VB #</Process><Process ToolSource="C:\Program Files\ArcGIS\Desktop10.0\ArcToolbox\Toolboxes\Data Management Tools.tbx\CalculateField" Date="20120305" Time="105046">CalculateField edificio_p ebt_desc "SEMINARIO" VB #</Process><Process ToolSource="C:\Program Files\ArcGIS\Desktop10.0\ArcToolbox\Toolboxes\Data Management Tools.tbx\CalculateField" Date="20120305" Time="105122">CalculateField edificio_p ebt_desc "NO APLICABLE" VB #</Process><Process ToolSource="C:\Program Files\ArcGIS\Desktop10.0\ArcToolbox\Toolboxes\Data Management Tools.tbx\CalculateField" Date="20120305" Time="105222">CalculateField edificio_p ebt_desc "JARDÍN" VB #</Process><Process ToolSource="C:\Program Files\ArcGIS\Desktop10.0\ArcToolbox\Toolboxes\Data Management Tools.tbx\CalculateField" Date="20120305" Time="105249">CalculateField edificio_p ebt_desc "NO APLICA" VB #</Process><Process ToolSource="C:\Program Files\ArcGIS\Desktop10.0\ArcToolbox\Toolboxes\Data Management Tools.tbx\CalculateField" Date="20120305" Time="105309">CalculateField edificio_p ebt_desc "OTRO" VB #</Process><Process ToolSource="C:\Program Files\ArcGIS\Desktop10.0\ArcToolbox\Toolboxes\Data Management Tools.tbx\CalculateField" Date="20120305" Time="105411">CalculateField edificio_p hwt_desc "INFORMACIÓN NO DISPONIBLE" VB #</Process><Process ToolSource="C:\Program Files\ArcGIS\Desktop10.0\ArcToolbox\Toolboxes\Data Management Tools.tbx\CalculateField" Date="20120305" Time="105452">CalculateField edificio_p hwt_desc "CAPILLA" VB #</Process><Process ToolSource="C:\Program Files\ArcGIS\Desktop10.0\ArcToolbox\Toolboxes\Data Management Tools.tbx\CalculateField" Date="20120305" Time="105535">CalculateField edificio_p hwt_desc "IGLESIA" VB #</Process><Process ToolSource="C:\Program Files\ArcGIS\Desktop10.0\ArcToolbox\Toolboxes\Data Management Tools.tbx\CalculateField" Date="20120305" Time="105619">CalculateField edificio_p hwt_desc "COMUNIDAD RELIGIOSA" VB #</Process><Process ToolSource="C:\Program Files\ArcGIS\Desktop10.0\ArcToolbox\Toolboxes\Data Management Tools.tbx\CalculateField" Date="20120305" Time="105946">CalculateField edificio_p hwt_desc "SANTUARIO" VB #</Process><Process ToolSource="C:\Program Files\ArcGIS\Desktop10.0\ArcToolbox\Toolboxes\Data Management Tools.tbx\CalculateField" Date="20120305" Time="110127">CalculateField edificio_p hwt_desc "NO APLICABLE" VB #</Process><Process ToolSource="C:\Program Files\ArcGIS\Desktop10.0\ArcToolbox\Toolboxes\Data Management Tools.tbx\CalculateField" Date="20120305" Time="110203">CalculateField edificio_p hwt_desc "NO APLICA" VB #</Process><Process ToolSource="C:\Program Files\ArcGIS\Desktop10.0\ArcToolbox\Toolboxes\Data Management Tools.tbx\CalculateField" Date="20120305" Time="110241">CalculateField edificio_p rel_desc "INFORMACIÓN NO DISPONIBLE" VB #</Process><Process ToolSource="C:\Program Files\ArcGIS\Desktop10.0\ArcToolbox\Toolboxes\Data Management Tools.tbx\CalculateField" Date="20120305" Time="110339">CalculateField edificio_p rel_desc "CATÓLICA ROMANA" VB #</Process><Process ToolSource="C:\Program Files\ArcGIS\Desktop10.0\ArcToolbox\Toolboxes\Data Management Tools.tbx\CalculateField" Date="20120305" Time="110410">CalculateField edificio_p rel_desc "CRISTIANA (INDEFINIDA)" VB #</Process><Process ToolSource="C:\Program Files\ArcGIS\Desktop10.0\ArcToolbox\Toolboxes\Data Management Tools.tbx\CalculateField" Date="20120305" Time="110441">CalculateField edificio_p rel_desc "NO APLICA" VB #</Process><Process ToolSource="C:\Program Files\ArcGIS\Desktop10.0\ArcToolbox\Toolboxes\Data Management Tools.tbx\CalculateField" Date="20120305" Time="110457">CalculateField edificio_p rel_desc "OTRO" VB #</Process><Process ToolSource="C:\Program Files\ArcGIS\Desktop10.0\ArcToolbox\Toolboxes\Data Management Tools.tbx\CalculateField" Date="20120305" Time="110621">CalculateField edificio_p hwt_desc "COMUNIDAD RELIGIOSA  *" VB #</Process><Process ToolSource="C:\Program Files\ArcGIS\Desktop10.0\ArcToolbox\Toolboxes\Data Management Tools.tbx\CalculateField" Date="20120305" Time="110718">CalculateField edificio_p hwt_desc "COMUNIDAD RELIGIOSA" VB #</Process><Process ToolSource="C:\Program Files\ArcGIS\Desktop10.0\ArcToolbox\Toolboxes\Data Management Tools.tbx\Append" Date="20120420" Time="074803">Append E:\base_de_datos_total_50000\DB_2012_04_18\RESERVADA.mdb\GS_CONSTRUCCIONES\edificio_p E:\base_de_datos_total_50000\DB_2012_04_18\LIBERADA.gdb\GS_CONSTRUCCIONES\edificio_p NO_TEST "fcode "fcode" true true false 5 Text 0 0 ,First,#,E:\base_de_datos_total_50000\DB_2012_04_18\RESERVADA.mdb\GS_CONSTRUCCIONES\edificio_p,fcode,-1,-1;descripcion "descripcion" true true false 250 Text 0 0 ,First,#,E:\base_de_datos_total_50000\DB_2012_04_18\RESERVADA.mdb\GS_CONSTRUCCIONES\edificio_p,descripcion,-1,-1;nam "nam" true true false 80 Text 0 0 ,First,#,E:\base_de_datos_total_50000\DB_2012_04_18\RESERVADA.mdb\GS_CONSTRUCCIONES\edificio_p,nam,-1,-1;acc "acc" true true false 2 Short 0 0 ,First,#,E:\base_de_datos_total_50000\DB_2012_04_18\RESERVADA.mdb\GS_CONSTRUCCIONES\edificio_p,acc,-1,-1;acc_desc "acc_desc" true true false 80 Text 0 0 ,First,#,E:\base_de_datos_total_50000\DB_2012_04_18\RESERVADA.mdb\GS_CONSTRUCCIONES\edificio_p,acc_desc,-1,-1;bfc "bfc" true true false 2 Short 0 0 ,First,#,E:\base_de_datos_total_50000\DB_2012_04_18\RESERVADA.mdb\GS_CONSTRUCCIONES\edificio_p,bfc,-1,-1;bfc_desc "bfc_desc" true true false 80 Text 0 0 ,First,#,E:\base_de_datos_total_50000\DB_2012_04_18\RESERVADA.mdb\GS_CONSTRUCCIONES\edificio_p,bfc_desc,-1,-1;ebt "ebt" true true false 2 Short 0 0 ,First,#,E:\base_de_datos_total_50000\DB_2012_04_18\RESERVADA.mdb\GS_CONSTRUCCIONES\edificio_p,ebt,-1,-1;ebt_desc "ebt_desc" true true false 80 Text 0 0 ,First,#,E:\base_de_datos_total_50000\DB_2012_04_18\RESERVADA.mdb\GS_CONSTRUCCIONES\edificio_p,ebt_desc,-1,-1;hwt "hwt" true true false 2 Short 0 0 ,First,#,E:\base_de_datos_total_50000\DB_2012_04_18\RESERVADA.mdb\GS_CONSTRUCCIONES\edificio_p,hwt,-1,-1;hwt_desc "hwt_desc" true true false 80 Text 0 0 ,First,#,E:\base_de_datos_total_50000\DB_2012_04_18\RESERVADA.mdb\GS_CONSTRUCCIONES\edificio_p,hwt_desc,-1,-1;rel "rel" true true false 2 Short 0 0 ,First,#,E:\base_de_datos_total_50000\DB_2012_04_18\RESERVADA.mdb\GS_CONSTRUCCIONES\edificio_p,rel,-1,-1;rel_desc "rel_desc" true true false 80 Text 0 0 ,First,#,E:\base_de_datos_total_50000\DB_2012_04_18\RESERVADA.mdb\GS_CONSTRUCCIONES\edificio_p,rel_desc,-1,-1;txt "txt" true true false 250 Text 0 0 ,First,#,E:\base_de_datos_total_50000\DB_2012_04_18\RESERVADA.mdb\GS_CONSTRUCCIONES\edificio_p,txt,-1,-1" #</Process><Process ToolSource="C:\Program Files\ArcGIS\Desktop10.0\ArcToolbox\Toolboxes\Data Management Tools.tbx\CalculateField" Date="20120420" Time="124112">CalculateField edificio_p descripcion "ESTRUCTURA RELATIVAMENTE PERMANENTE, DISEÑADA PARA ALGÚN USO PARTICULAR" VB #</Process><Process ToolSource="C:\Program Files\ArcGIS\Desktop10.0\ArcToolbox\Toolboxes\Data Management Tools.tbx\CalculateField" Date="20120420" Time="124123">CalculateField edificio_p fcode "AL015" VB #</Process><Process ToolSource="C:\Program Files\ArcGIS\Desktop10.0\ArcToolbox\Toolboxes\Data Management Tools.tbx\CalculateField" Date="20120420" Time="124153">CalculateField edificio_p acc_desc "EXACTA" VB #</Process><Process ToolSource="C:\Program Files\ArcGIS\Desktop10.0\ArcToolbox\Toolboxes\Data Management Tools.tbx\CalculateField" Date="20120420" Time="124204">CalculateField edificio_p acc_desc "PRECISA" VB #</Process><Process ToolSource="c:\archivos de programa\arcgis\desktop10.0\ArcToolbox\Toolboxes\Data Management Tools.tbx\CopyFeatures" Date="20120726" Time="095401">CopyFeatures "E:\temporal andres\cortes\ALEJANDRO\LIBERADA.gdb\GS_CONSTRUCCIONES\edificio_p" "E:\temporal andres\cortes\continua\20122606_Continua50K\LIBERADA.gdb\GS_CONSTRUCCIONES\edificio_p" # 0 0 0</Process><Process ToolSource="C:\Archivos de programa\ArcGIS\Desktop10.0\ArcToolbox\Toolboxes\Data Management Tools.tbx\CalculateField" Date="20120726" Time="114746">CalculateField edificio_p fcode "AL015" VB #</Process><Process ToolSource="C:\Archivos de programa\ArcGIS\Desktop10.0\ArcToolbox\Toolboxes\Data Management Tools.tbx\CalculateField" Date="20120726" Time="114824">CalculateField edificio_p descripcion "ESTRUCTURA RELATIVAMENTE PERMANENTE, DISEÑADA PARA ALGÚN USO PARTICULAR" VB #</Process><Process ToolSource="C:\Archivos de programa\ArcGIS\Desktop10.0\ArcToolbox\Toolboxes\Data Management Tools.tbx\CalculateField" Date="20120726" Time="114913">CalculateField edificio_p nam "Casa Comunal" VB #</Process><Process ToolSource="C:\Archivos de programa\ArcGIS\Desktop10.0\ArcToolbox\Toolboxes\Data Management Tools.tbx\CalculateField" Date="20120726" Time="115001">CalculateField edificio_p txt "CASA COMUNAL" VB #</Process><Process ToolSource="C:\Archivos de programa\ArcGIS\Desktop10.0\ArcToolbox\Toolboxes\Data Management Tools.tbx\CalculateField" Date="20120726" Time="115024">CalculateField edificio_p nam "" VB #</Process><Process ToolSource="C:\Archivos de programa\ArcGIS\Desktop10.0\ArcToolbox\Toolboxes\Data Management Tools.tbx\CalculateField" Date="20120726" Time="115045">CalculateField edificio_p bfc 118 VB #</Process><Process ToolSource="C:\Archivos de programa\ArcGIS\Desktop10.0\ArcToolbox\Toolboxes\Data Management Tools.tbx\CalculateField" Date="20120726" Time="115055">CalculateField edificio_p bfc_desc "CENTRO COMUNITARIO" VB #</Process><Process ToolSource="C:\Archivos de programa\ArcGIS\Desktop10.0\ArcToolbox\Toolboxes\Data Management Tools.tbx\CalculateField" Date="20120726" Time="115240">CalculateField edificio_p ebt 8 VB #</Process><Process ToolSource="C:\Archivos de programa\ArcGIS\Desktop10.0\ArcToolbox\Toolboxes\Data Management Tools.tbx\CalculateField" Date="20120726" Time="115251">CalculateField edificio_p ebt_desc "NO APLICABLE" VB #</Process><Process ToolSource="C:\Archivos de programa\ArcGIS\Desktop10.0\ArcToolbox\Toolboxes\Data Management Tools.tbx\CalculateField" Date="20120726" Time="115301">CalculateField edificio_p hwt_desc "NO APLICABLE" VB #</Process><Process ToolSource="C:\Archivos de programa\ArcGIS\Desktop10.0\ArcToolbox\Toolboxes\Data Management Tools.tbx\CalculateField" Date="20120726" Time="115307">CalculateField edificio_p hwt 22 VB #</Process><Process ToolSource="C:\Archivos de programa\ArcGIS\Desktop10.0\ArcToolbox\Toolboxes\Data Management Tools.tbx\CalculateField" Date="20120726" Time="115314">CalculateField edificio_p rel 998 VB #</Process><Process ToolSource="C:\Archivos de programa\ArcGIS\Desktop10.0\ArcToolbox\Toolboxes\Data Management Tools.tbx\CalculateField" Date="20120726" Time="115327">CalculateField edificio_p rel_desc "NO APLICA" VB #</Process><Process ToolSource="C:\Archivos de programa\ArcGIS\Desktop10.0\ArcToolbox\Toolboxes\Data Management Tools.tbx\CalculateField" Date="20120726" Time="115841">CalculateField edificio_p fcode "AL015" VB #</Process><Process ToolSource="C:\Archivos de programa\ArcGIS\Desktop10.0\ArcToolbox\Toolboxes\Data Management Tools.tbx\CalculateField" Date="20120726" Time="115851">CalculateField edificio_p descripcion "ESTRUCTURA RELATIVAMENTE PERMANENTE, DISEÑADA PARA ALGÚN USO PARTICULAR" VB #</Process><Process ToolSource="C:\Archivos de programa\ArcGIS\Desktop10.0\ArcToolbox\Toolboxes\Data Management Tools.tbx\CalculateField" Date="20120726" Time="115858">CalculateField edificio_p bfc 15 VB #</Process><Process ToolSource="C:\Archivos de programa\ArcGIS\Desktop10.0\ArcToolbox\Toolboxes\Data Management Tools.tbx\CalculateField" Date="20120726" Time="115907">CalculateField edificio_p bfc_desc "ESCUELA" VB #</Process><Process ToolSource="C:\Archivos de programa\ArcGIS\Desktop10.0\ArcToolbox\Toolboxes\Data Management Tools.tbx\CalculateField" Date="20120726" Time="115921">CalculateField edificio_p ebt_desc "CENTRO EDUCACIONAL" VB #</Process><Process ToolSource="C:\Archivos de programa\ArcGIS\Desktop10.0\ArcToolbox\Toolboxes\Data Management Tools.tbx\CalculateField" Date="20120726" Time="115934">CalculateField edificio_p hwt_desc "NO APLICABLE" VB #</Process><Process ToolSource="C:\Archivos de programa\ArcGIS\Desktop10.0\ArcToolbox\Toolboxes\Data Management Tools.tbx\CalculateField" Date="20120726" Time="115948">CalculateField edificio_p rel_desc "NO APLICA" VB #</Process><Process ToolSource="C:\Archivos de programa\ArcGIS\Desktop10.0\ArcToolbox\Toolboxes\Data Management Tools.tbx\CalculateField" Date="20120726" Time="115954">CalculateField edificio_p rel 998 VB #</Process><Process ToolSource="C:\Archivos de programa\ArcGIS\Desktop10.0\ArcToolbox\Toolboxes\Data Management Tools.tbx\CalculateField" Date="20120726" Time="120000">CalculateField edificio_p hwt 22 VB #</Process><Process ToolSource="C:\Archivos de programa\ArcGIS\Desktop10.0\ArcToolbox\Toolboxes\Data Management Tools.tbx\CalculateField" Date="20120726" Time="120005">CalculateField edificio_p ebt 3 VB #</Process><Process ToolSource="C:\Archivos de programa\ArcGIS\Desktop10.0\ArcToolbox\Toolboxes\Data Management Tools.tbx\CalculateField" Date="20120726" Time="120027">CalculateField edificio_p txt "" VB #</Process><Process ToolSource="C:\Archivos de programa\ArcGIS\Desktop10.0\ArcToolbox\Toolboxes\Data Management Tools.tbx\CalculateField" Date="20120726" Time="120444">CalculateField edificio_p hwt_desc "NO APLICABLE" VB #</Process><Process ToolSource="C:\Archivos de programa\ArcGIS\Desktop10.0\ArcToolbox\Toolboxes\Data Management Tools.tbx\CalculateField" Date="20120726" Time="121716">CalculateField edificio_p txt "Tenencia Política" VB #</Process><Process ToolSource="C:\Archivos de programa\ArcGIS\Desktop10.0\ArcToolbox\Toolboxes\Data Management Tools.tbx\CalculateField" Date="20120726" Time="141735">CalculateField edificio_p nam "" VB #</Process><Process ToolSource="C:\Archivos de programa\ArcGIS\Desktop10.0\ArcToolbox\Toolboxes\Data Management Tools.tbx\CalculateField" Date="20120726" Time="141911">CalculateField edificio_p nam "" VB #</Process><Process ToolSource="c:\archivos de programa\arcgis\desktop10.0\ArcToolbox\Toolboxes\Data Management Tools.tbx\RepairGeometry" Date="20120730" Time="093246">RepairGeometry edificio_p DELETE_NULL</Process><Process ToolSource="C:\Archivos de programa\ArcGIS\Desktop10.0\ArcToolbox\Toolboxes\Data Management Tools.tbx\CalculateField" Date="20120730" Time="153044">CalculateField edificio_p txt 1 VB #</Process><Process ToolSource="C:\Archivos de programa\ArcGIS\Desktop10.0\ArcToolbox\Toolboxes\Data Management Tools.tbx\CalculateField" Date="20120730" Time="153259">CalculateField edificio_p txt "CASA COMUNAL" VB #</Process><Process ToolSource="C:\Archivos de programa\ArcGIS\Desktop10.0\ArcToolbox\Toolboxes\Data Management Tools.tbx\CalculateField" Date="20120730" Time="154734">CalculateField edificio_p txt "" VB #</Process><Process ToolSource="C:\Archivos de programa\ArcGIS\Desktop10.0\ArcToolbox\Toolboxes\Data Management Tools.tbx\CalculateField" Date="20120730" Time="154818">CalculateField edificio_p txt "" VB #</Process><Process ToolSource="C:\Archivos de programa\ArcGIS\Desktop10.0\ArcToolbox\Toolboxes\Data Management Tools.tbx\CalculateField" Date="20120730" Time="154847">CalculateField edificio_p txt "" VB #</Process><Process ToolSource="C:\Archivos de programa\ArcGIS\Desktop10.0\ArcToolbox\Toolboxes\Data Management Tools.tbx\CalculateField" Date="20120730" Time="154915">CalculateField edificio_p txt "" VB #</Process><Process ToolSource="C:\Archivos de programa\ArcGIS\Desktop10.0\ArcToolbox\Toolboxes\Data Management Tools.tbx\CalculateField" Date="20120730" Time="154943">CalculateField edificio_p txt "" VB #</Process><Process ToolSource="C:\Archivos de programa\ArcGIS\Desktop10.0\ArcToolbox\Toolboxes\Data Management Tools.tbx\CalculateField" Date="20120730" Time="155002">CalculateField edificio_p txt "" VB #</Process><Process ToolSource="C:\Archivos de programa\ArcGIS\Desktop10.0\ArcToolbox\Toolboxes\Data Management Tools.tbx\CalculateField" Date="20120731" Time="093655">CalculateField edificio_p ebt_desc "NO APLICABLE" VB #</Process><Process ToolSource="C:\Archivos de programa\ArcGIS\Desktop10.0\ArcToolbox\Toolboxes\Data Management Tools.tbx\CalculateField" Date="20120731" Time="093737">CalculateField edificio_p hwt_desc "NO APLICABLE" VB #</Process><Process ToolSource="C:\Archivos de programa\ArcGIS\Desktop10.0\ArcToolbox\Toolboxes\Data Management Tools.tbx\CalculateField" Date="20120731" Time="094004">CalculateField edificio_p txt "Companía" VB #</Process><Process ToolSource="c:\program files\arcgis\desktop10.0\ArcToolbox\Toolboxes\Data Management Tools.tbx\RepairGeometry" Date="20121211" Time="084941">RepairGeometry edificio_p DELETE_NULL</Process><Process ToolSource="c:\program files\arcgis\desktop10.0\ArcToolbox\Toolboxes\Data Management Tools.tbx\RepairGeometry" Date="20121211" Time="090221">RepairGeometry edificio_p DELETE_NULL</Process><Process ToolSource="C:\Program Files\ArcGIS\Desktop10.0\ArcToolbox\Toolboxes\Analysis Tools.tbx\Clip" Date="20121213" Time="091039">Clip "New Group Layer\edificio_p" "CORTE CARTAS" D:\ANDRES\50.000\cartas\IBARRA_8417S\IBARRA_8417S.mdb\GS_CONSTRUCCIONES\edificio_p #</Process><Process ToolSource="c:\program files\arcgis\desktop10.0\ArcToolbox\Toolboxes\Data Management Tools.tbx\CopyFeatures" Date="20130111" Time="114919">CopyFeatures D:\ANDRES\50.000\cartas\IBARRA_8417S.mdb\GS_CONSTRUCCIONES\edificio_p D:\ANDRES\50.000\SHP\IBARRA_8417S\edificio_p.shp # 0 0 0</Process></lineage><itemProps><itemLocation><linkage Sync="TRUE">file://\\GEO_SIG07\D$\ANDRES\50.000\SHP\IBARRA_8417S\edificio_p.shp</linkage><protocol Sync="TRUE">Local Area Network</protocol></itemLocation><itemName Sync="TRUE">edificio_p</itemName><imsContentType Sync="TRUE">002</imsContentType><itemSize Sync="TRUE">0.000</itemSize></itemProps><coordRef><type Sync="TRUE">Projected</type><geogcsn Sync="TRUE">GCS_WGS_1984</geogcsn><csUnits Sync="TRUE">Linear Unit: Meter (1.000000)</csUnits><projcsn Sync="TRUE">WGS_1984_UTM_Zone_17S</projcsn><peXml Sync="TRUE">&lt;ProjectedCoordinateSystem xsi:type='typens:ProjectedCoordinateSystem' xmlns:xsi='http://www.w3.org/2001/XMLSchema-instance' xmlns:xs='http://www.w3.org/2001/XMLSchema' xmlns:typens='http://www.esri.com/schemas/ArcGIS/10.0'&gt;&lt;WKT&gt;PROJCS[&amp;quot;WGS_1984_UTM_Zone_17S&amp;quot;,GEOGCS[&amp;quot;GCS_WGS_1984&amp;quot;,DATUM[&amp;quot;D_WGS_1984&amp;quot;,SPHEROID[&amp;quot;WGS_1984&amp;quot;,6378137.0,298.257223563]],PRIMEM[&amp;quot;Greenwich&amp;quot;,0.0],UNIT[&amp;quot;Degree&amp;quot;,0.0174532925199433]],PROJECTION[&amp;quot;Transverse_Mercator&amp;quot;],PARAMETER[&amp;quot;False_Easting&amp;quot;,500000.0],PARAMETER[&amp;quot;False_Northing&amp;quot;,10000000.0],PARAMETER[&amp;quot;Central_Meridian&amp;quot;,-81.0],PARAMETER[&amp;quot;Scale_Factor&amp;quot;,0.9996],PARAMETER[&amp;quot;Latitude_Of_Origin&amp;quot;,0.0],UNIT[&amp;quot;Meter&amp;quot;,1.0],AUTHORITY[&amp;quot;EPSG&amp;quot;,32717]]&lt;/WKT&gt;&lt;XOrigin&gt;-5120900&lt;/XOrigin&gt;&lt;YOrigin&gt;1900&lt;/YOrigin&gt;&lt;XYScale&gt;450445547.3910538&lt;/XYScale&gt;&lt;ZOrigin&gt;-100000&lt;/ZOrigin&gt;&lt;ZScale&gt;10000&lt;/ZScale&gt;&lt;MOrigin&gt;-100000&lt;/MOrigin&gt;&lt;MScale&gt;10000&lt;/MScale&gt;&lt;XYTolerance&gt;0.001&lt;/XYTolerance&gt;&lt;ZTolerance&gt;0.001&lt;/ZTolerance&gt;&lt;MTolerance&gt;0.001&lt;/MTolerance&gt;&lt;HighPrecision&gt;true&lt;/HighPrecision&gt;&lt;WKID&gt;32717&lt;/WKID&gt;&lt;/ProjectedCoordinateSystem&gt;</peXml></coordRef></DataProperties><ArcGISFormat>1.0</ArcGISFormat></Esri><idinfo><native Sync="TRUE">Microsoft Windows XP Version 5.1 (Build 2600) Service Pack 2; ESRI ArcCatalog 9.2.0.1324</native><descript><langdata Sync="TRUE">es</langdata><abstract>REQUIRED: A brief narrative summary of the data set.</abstract><purpose>REQUIRED: A summary of the intentions with which the data set was developed.</purpose></descript><citation><citeinfo><origin>REQUIRED: The name of an organization or individual that developed the data set.</origin><pubdate>REQUIRED: The date when the data set is published or otherwise made available for release.</pubdate><title Sync="TRUE">EDIFICIO_P</title><ftname Sync="TRUE">EDIFICIO_P</ftname><geoform Sync="TRUE">vector digital data</geoform><onlink Sync="TRUE">\\GGUERRON\E\PROYECTOS\FISCALIZACION 50000\BDD\BD_ ECUADOR_WGS84_17S_f.mdb</onlink></citeinfo></citation><timeperd><current>REQUIRED: The basis on which the time period of content information is determined.</current><timeinfo><sngdate><caldate>REQUIRED: The year (and optionally month, or month and day) for which the data set corresponds to the ground.</caldate></sngdate></timeinfo></timeperd><status><progress>REQUIRED: The state of the data set.</progress><update>REQUIRED: The frequency with which changes and additions are made to the data set after the initial data set is completed.</update></status><spdom><bounding><westbc Sync="TRUE">-80.100387</westbc><eastbc Sync="TRUE">-77.999253</eastbc><northbc Sync="TRUE">1.484048</northbc><southbc Sync="TRUE">-0.000013</southbc></bounding><lboundng><leftbc Sync="TRUE">600108.490000</leftbc><rightbc Sync="TRUE">833950.620000</rightbc><bottombc Sync="TRUE">9999998.550000</bottombc><topbc Sync="TRUE">10164052.570000</topbc></lboundng></spdom><keywords><theme><themekt>REQUIRED: Reference to a formally registered thesaurus or a similar authoritative source of theme keywords.</themekt><themekey>REQUIRED: Common-use word or phrase used to describe the subject of the data set.</themekey></theme></keywords><accconst>REQUIRED: Restrictions and legal prerequisites for accessing the data set.</accconst><useconst>REQUIRED: Restrictions and legal prerequisites for using the data set after access is granted.</useconst><natvform Sync="TRUE">Personal GeoDatabase Feature Class</natvform></idinfo><dataIdInfo><envirDesc Sync="TRUE">Microsoft Windows 7 Version 6.1 (Build 7601) Service Pack 1; ESRI ArcGIS 10.0.5.4400</envirDesc><dataLang><languageCode Sync="TRUE" value="spa"></languageCode><countryCode value="ESP" Sync="TRUE"></countryCode></dataLang><idCitation><resTitle Sync="TRUE">edificio_p</resTitle><presForm><PresFormCd Sync="TRUE" value="005"></PresFormCd></presForm></idCitation><spatRpType><SpatRepTypCd Sync="TRUE" value="001"></SpatRepTypCd></spatRpType><dataExt><geoEle><GeoBndBox esriExtentType="native"><westBL Sync="TRUE">600108.49</westBL><eastBL Sync="TRUE">833950.62</eastBL><northBL Sync="TRUE">10164052.57</northBL><southBL Sync="TRUE">9999998.55</southBL><exTypeCode Sync="TRUE">1</exTypeCode></GeoBndBox></geoEle></dataExt><geoBox esriExtentType="decdegrees"><westBL Sync="TRUE">-80.100387</westBL><eastBL Sync="TRUE">-77.999253</eastBL><northBL Sync="TRUE">1.484048</northBL><southBL Sync="TRUE">-0.000013</southBL><exTypeCode Sync="TRUE">1</exTypeCode></geoBox></dataIdInfo><metainfo><langmeta Sync="TRUE">es</langmeta><metstdn Sync="TRUE">FGDC Content Standards for Digital Geospatial Metadata</metstdn><metstdv Sync="TRUE">FGDC-STD-001-1998</metstdv><mettc Sync="TRUE">local time</mettc><metc><cntinfo><cntorgp><cntper>REQUIRED: The person responsible for the metadata information.</cntper><cntorg>REQUIRED: The organization responsible for the metadata information.</cntorg></cntorgp><cntaddr><addrtype>REQUIRED: The mailing and/or physical address for the organization or individual.</addrtype><city>REQUIRED: The city of the address.</city><state>REQUIRED: The state or province of the address.</state><postal>REQUIRED: The ZIP or other postal code of the address.</postal></cntaddr><cntvoice>REQUIRED: The telephone number by which individuals can speak to the organization or individual.</cntvoice></cntinfo></metc><metd Sync="TRUE">20090902</metd></metainfo><mdLang><languageCode Sync="TRUE" value="spa"></languageCode><countryCode value="ESP" Sync="TRUE"></countryCode></mdLang><mdStanName Sync="TRUE">ISO 19115 Geographic Information - Metadata</mdStanName><mdStanVer Sync="TRUE">DIS_ESRI1.0</mdStanVer><mdChar><CharSetCd Sync="TRUE" value="004"></CharSetCd></mdChar><mdHrLv><ScopeCd Sync="TRUE" value="005"></ScopeCd></mdHrLv><mdHrLvName Sync="TRUE">dataset</mdHrLvName><distinfo><resdesc Sync="TRUE">Downloadable Data</resdesc></distinfo><distInfo><distributor><distorTran><onLineSrc><orDesc Sync="TRUE">002</orDesc><linkage Sync="TRUE">file://\\GGUERRON\E\PROYECTOS\FISCALIZACION 50000\BDD\BD_ ECUADOR_WGS84_17S_f.mdb</linkage><protocol Sync="TRUE">Local Area Network</protocol></onLineSrc></distorTran><distorFormat><formatName Sync="TRUE">Personal GeoDatabase Feature Class</formatName></distorFormat></distributor><distFormat><formatName Sync="TRUE">Shapefile</formatName></distFormat><distTranOps><transSize Sync="TRUE">0.000</transSize></distTranOps></distInfo><spdoinfo><direct Sync="TRUE">Vector</direct><ptvctinf><esriterm><efeatyp Sync="TRUE">Simple</efeatyp><efeageom code="1" Sync="TRUE"></efeageom><esritopo Sync="TRUE">FALSE</esritopo><efeacnt Sync="TRUE">0</efeacnt><spindex Sync="TRUE">FALSE</spindex><linrefer Sync="TRUE">FALSE</linrefer></esriterm></ptvctinf></spdoinfo><spref><horizsys><cordsysn><geogcsn Sync="TRUE">GCS_WGS_1984</geogcsn><projcsn Sync="TRUE">WGS_1984_UTM_Zone_17S</projcsn></cordsysn><geodetic><horizdn Sync="TRUE">D_WGS_1984</horizdn><ellips Sync="TRUE">WGS_1984</ellips><semiaxis Sync="TRUE">6378137.000000</semiaxis><denflat Sync="TRUE">298.257224</denflat></geodetic><planar><planci><plance Sync="TRUE">coordinate pair</plance><plandu Sync="TRUE">meters</plandu><coordrep><absres Sync="TRUE">0.000100</absres><ordres Sync="TRUE">0.000100</ordres></coordrep></planci></planar></horizsys><vertdef><altsys><altenc Sync="TRUE">Explicit elevation coordinate included with horizontal coordinates</altenc><altres Sync="TRUE">0.000100</altres></altsys></vertdef></spref><refSysInfo><RefSystem><refSysID><identCode Sync="TRUE" value="32717">WGS_1984_UTM_Zone_17S</identCode><idCodeSpace Sync="TRUE">EPSG</idCodeSpace><idVersion Sync="TRUE">7.4.1</idVersion></refSysID></RefSystem></refSysInfo><spatRepInfo><VectSpatRep><geometObjs Name="edificio_p"><geoObjTyp><GeoObjTypCd value="004" Sync="TRUE"></GeoObjTypCd></geoObjTyp><geoObjCnt Sync="TRUE">0</geoObjCnt></geometObjs><topLvl><TopoLevCd value="001" Sync="TRUE"></TopoLevCd></topLvl></VectSpatRep></spatRepInfo><eainfo><detailed Name="edificio_p"><enttyp><enttypl Sync="TRUE">edificio_p</enttypl><enttypt Sync="TRUE">Feature Class</enttypt><enttypc Sync="TRUE">0</enttypc></enttyp><attr><attrlabl Sync="TRUE">FID</attrlabl><attalias Sync="TRUE">FID</attalias><attrtype Sync="TRUE">OID</attrtype><attwidth Sync="TRUE">4</attwidth><atprecis Sync="TRUE">0</atprecis><attscale Sync="TRUE">0</attscale><attrdef Sync="TRUE">Internal feature number.</attrdef><attrdefs Sync="TRUE">ESRI</attrdefs><attrdomv><udom Sync="TRUE">Sequential unique whole numbers that are automatically generated.</udom></attrdomv></attr><attr><attrlabl Sync="TRUE">Shape</attrlabl><attalias Sync="TRUE">Shape</attalias><attrtype Sync="TRUE">Geometry</attrtype><attwidth Sync="TRUE">0</attwidth><atprecis Sync="TRUE">0</atprecis><attscale Sync="TRUE">0</attscale><attrdef Sync="TRUE">Feature geometry.</attrdef><attrdefs Sync="TRUE">ESRI</attrdefs><attrdomv><udom Sync="TRUE">Coordinates defining the features.</udom></attrdomv></attr><attr><attrlabl Sync="TRUE">fcode</attrlabl><attalias Sync="TRUE">fcode</attalias><attrtype Sync="TRUE">String</attrtype><attwidth Sync="TRUE">5</attwidth><atprecis Sync="TRUE">0</atprecis><attscale Sync="TRUE">0</attscale></attr><attr><attrlabl Sync="TRUE">descripcio</attrlabl><attalias Sync="TRUE">descripcio</attalias><attrtype Sync="TRUE">String</attrtype><attwidth Sync="TRUE">250</attwidth><atprecis Sync="TRUE">0</atprecis><attscale Sync="TRUE">0</attscale></attr><attr><attrlabl Sync="TRUE">nam</attrlabl><attalias Sync="TRUE">nam</attalias><attrtype Sync="TRUE">String</attrtype><attwidth Sync="TRUE">80</attwidth><atprecis Sync="TRUE">0</atprecis><attscale Sync="TRUE">0</attscale></attr><attr><attrlabl Sync="TRUE">acc</attrlabl><attalias Sync="TRUE">acc</attalias><attrtype Sync="TRUE">SmallInteger</attrtype><attwidth Sync="TRUE">4</attwidth><atprecis Sync="TRUE">4</atprecis><attscale Sync="TRUE">0</attscale></attr><attr><attrlabl Sync="TRUE">acc_desc</attrlabl><attalias Sync="TRUE">acc_desc</attalias><attrtype Sync="TRUE">String</attrtype><attwidth Sync="TRUE">80</attwidth><atprecis Sync="TRUE">0</atprecis><attscale Sync="TRUE">0</attscale></attr><attr><attrlabl Sync="TRUE">bfc</attrlabl><attalias Sync="TRUE">bfc</attalias><attrtype Sync="TRUE">SmallInteger</attrtype><attwidth Sync="TRUE">4</attwidth><atprecis Sync="TRUE">4</atprecis><attscale Sync="TRUE">0</attscale></attr><attr><attrlabl Sync="TRUE">bfc_desc</attrlabl><attalias Sync="TRUE">bfc_desc</attalias><attrtype Sync="TRUE">String</attrtype><attwidth Sync="TRUE">80</attwidth><atprecis Sync="TRUE">0</atprecis><attscale Sync="TRUE">0</attscale></attr><attr><attrlabl Sync="TRUE">ebt</attrlabl><attalias Sync="TRUE">ebt</attalias><attrtype Sync="TRUE">SmallInteger</attrtype><attwidth Sync="TRUE">4</attwidth><atprecis Sync="TRUE">4</atprecis><attscale Sync="TRUE">0</attscale></attr><attr><attrlabl Sync="TRUE">ebt_desc</attrlabl><attalias Sync="TRUE">ebt_desc</attalias><attrtype Sync="TRUE">String</attrtype><attwidth Sync="TRUE">80</attwidth><atprecis Sync="TRUE">0</atprecis><attscale Sync="TRUE">0</attscale></attr><attr><attrlabl Sync="TRUE">hwt</attrlabl><attalias Sync="TRUE">hwt</attalias><attrtype Sync="TRUE">SmallInteger</attrtype><attwidth Sync="TRUE">4</attwidth><atprecis Sync="TRUE">4</atprecis><attscale Sync="TRUE">0</attscale></attr><attr><attrlabl Sync="TRUE">hwt_desc</attrlabl><attalias Sync="TRUE">hwt_desc</attalias><attrtype Sync="TRUE">String</attrtype><attwidth Sync="TRUE">80</attwidth><atprecis Sync="TRUE">0</atprecis><attscale Sync="TRUE">0</attscale></attr><attr><attrlabl Sync="TRUE">rel</attrlabl><attalias Sync="TRUE">rel</attalias><attrtype Sync="TRUE">SmallInteger</attrtype><attwidth Sync="TRUE">4</attwidth><atprecis Sync="TRUE">4</atprecis><attscale Sync="TRUE">0</attscale></attr><attr><attrlabl Sync="TRUE">rel_desc</attrlabl><attalias Sync="TRUE">rel_desc</attalias><attrtype Sync="TRUE">String</attrtype><attwidth Sync="TRUE">80</attwidth><atprecis Sync="TRUE">0</atprecis><attscale Sync="TRUE">0</attscale></attr><attr><attrlabl Sync="TRUE">txt</attrlabl><attalias Sync="TRUE">txt</attalias><attrtype Sync="TRUE">String</attrtype><attwidth Sync="TRUE">250</attwidth><atprecis Sync="TRUE">0</atprecis><attscale Sync="TRUE">0</attscale></attr></detailed></eainfo><mdDateSt Sync="TRUE">20130111</mdDateSt><dataqual><lineage><procstep><procdesc Sync="TRUE">Dataset copied.</procdesc><srcused Sync="TRUE">\\GSIGARCINIEGAS\D\MDB ARCINIEGAS\ECUADOR_WGS84_GEO.mdb</srcused><date Sync="TRUE">20090617</date><time Sync="TRUE">12462100</time></procstep><procstep><procdesc Sync="TRUE">Dataset copied.</procdesc><srcused Sync="TRUE">\\GGUERRON\E\PROYECTOS\FISCALIZACION 50000\BDD\BD_ ECUADOR_WGS84_17S_f.mdb</srcused><date Sync="TRUE">20110222</date><time Sync="TRUE">10455500</time></procstep><procstep><procdesc Sync="TRUE">Dataset copied.</procdesc><srcused Sync="TRUE">\\GGUERRON\E\PROYECTOS\FISCALIZACION 50000\BDD\BD_ ECUADOR_WGS84_17S_f.mdb</srcused><date Sync="TRUE">20110222</date><time Sync="TRUE">12351600</time></procstep></lineage></dataqual></metadata>
