<?xml version="1.0" encoding="UTF-8"?>
<metadata xml:lang="es"><Esri><CreaDate>20230126</CreaDate><CreaTime>11423300</CreaTime><ArcGISFormat>1.0</ArcGISFormat><SyncOnce>TRUE</SyncOnce><DataProperties><itemProps><itemLocation><linkage Sync="TRUE">file://\\PC80SECRE193\C$\geo_información\SMIQ1\amt\centros_retencion_vehicular</linkage><protocol Sync="TRUE">Local Area Network</protocol></itemLocation></itemProps><copyHistory><copy source="C:\geo_información\SMIQ1\amt\sires\centros_retencion_vehicular" dest="\\PC80SECRE193\C$\geo_información\SMIQ1\amt\centros_retencion_vehicular" date="20211021" time="13011700"></copy></copyHistory><lineage><Process ToolSource="c:\program files (x86)\arcgis\desktop10.7\ArcToolbox\Toolboxes\Data Management Tools.tbx\CalculateField" Date="20211021" Time="125544">CalculateField amt\centros_retencion_vehicular nombre [Name] VB #</Process><Process ToolSource="c:\program files (x86)\arcgis\desktop10.7\ArcToolbox\Toolboxes\Data Management Tools.tbx\Project" Date="20211021" Time="130258">Project C:\geo_información\SMIQ1\amt\centros_retencion_vehicular_.shp C:\geo_información\SMIQ1\amt\centros_retencion_vehicular.shp PROJCS['WGS_1984_UTM_Zone_17S',GEOGCS['GCS_WGS_1984',DATUM['D_WGS_1984',SPHEROID['WGS_1984',6378137.0,298.257223563]],PRIMEM['Greenwich',0.0],UNIT['Degree',0.0174532925199433]],PROJECTION['Transverse_Mercator'],PARAMETER['False_Easting',500000.0],PARAMETER['False_Northing',10000000.0],PARAMETER['Central_Meridian',-81.0],PARAMETER['Scale_Factor',0.9996],PARAMETER['Latitude_Of_Origin',0.0],UNIT['Meter',1.0]] # GEOGCS['GCS_WGS_1984',DATUM['D_WGS_1984',SPHEROID['WGS_1984',6378137.0,298.257223563]],PRIMEM['Greenwich',0.0],UNIT['Degree',0.0174532925199433]] NO_PRESERVE_SHAPE # NO_VERTICAL</Process><Process ToolSource="c:\program files (x86)\arcgis\desktop10.8\ArcToolbox\Toolboxes\Data Management Tools.tbx\CalculateField" Date="20230124" Time="141306">CalculateField CI004_Centros_retencion_vehicular fcode "CI004"
 VB #</Process><Process ToolSource="c:\program files (x86)\arcgis\desktop10.8\ArcToolbox\Toolboxes\Data Management Tools.tbx\CalculateField" Date="20230124" Time="141541">CalculateField CI004_Centros_retencion_vehicular Descrip "[nombre] 
" VB #</Process><Process ToolSource="c:\program files (x86)\arcgis\desktop10.8\ArcToolbox\Toolboxes\Data Management Tools.tbx\CalculateField" Date="20230124" Time="141744">CalculateField CI004_Centros_retencion_vehicular Descrip "Centro de retención vehicular"
 VB #</Process><Process ToolSource="c:\program files (x86)\arcgis\desktop10.8\ArcToolbox\Toolboxes\Data Management Tools.tbx\CalculateField" Date="20230124" Time="141836">CalculateField CI004_Centros_retencion_vehicular nam "[nombre] 
" VB #</Process><Process ToolSource="c:\program files (x86)\arcgis\desktop10.8\ArcToolbox\Toolboxes\Data Management Tools.tbx\CalculateField" Date="20230124" Time="142436">CalculateField CI004_Centros_retencion_vehicular clas "Retención vehicular automiviles" VB #</Process><Process ToolSource="c:\program files (x86)\arcgis\desktop10.8\ArcToolbox\Toolboxes\Data Management Tools.tbx\CalculateField" Date="20230124" Time="142505">CalculateField CI004_Centros_retencion_vehicular clas "Retención vehicular vehiculos pesados" VB #</Process><Process ToolSource="c:\program files (x86)\arcgis\desktop10.8\ArcToolbox\Toolboxes\Data Management Tools.tbx\CalculateField" Date="20230124" Time="142522">CalculateField CI004_Centros_retencion_vehicular clas "Retención vehicular vehiculos pesados" VB #</Process><Process ToolSource="c:\program files (x86)\arcgis\desktop10.8\ArcToolbox\Toolboxes\Data Management Tools.tbx\CalculateField" Date="20230124" Time="142833">CalculateField CI004_Centros_retencion_vehicular OID_ [FID]+1 VB #</Process></lineage></DataProperties></Esri></metadata>
