<?xml version="1.0" encoding="UTF-8"?>
<metadata xml:lang="es"><Esri><CreaDate>20230126</CreaDate><CreaTime>11423300</CreaTime><ArcGISFormat>1.0</ArcGISFormat><SyncOnce>FALSE</SyncOnce><DataProperties><lineage><Process ToolSource="c:\program files (x86)\arcgis\desktop10.8\ArcToolbox\Toolboxes\Data Management Tools.tbx\CalculateField" Date="20221223" Time="142557">CalculateField CB002_TAXIS_CONVENCIONALES fcode "CB002"
 VB #</Process><Process ToolSource="c:\program files (x86)\arcgis\desktop10.8\ArcToolbox\Toolboxes\Data Management Tools.tbx\CalculateField" Date="20221223" Time="143024">CalculateField CB002_TAXIS_CONVENCIONALES res_inc_c "CB002"
 VB #</Process><Process ToolSource="c:\program files (x86)\arcgis\desktop10.8\ArcToolbox\Toolboxes\Analysis Tools.tbx\SpatialJoin" Date="20221228" Time="160641">SpatialJoin CB002_TAXIS_CONVENCIONALES parroquia "C:\Users\eppillajo\Desktop\INFORMACIÓN AMT\09 Cooperativas de taxis\SEC. PLANIFICACIÓN\CB002_TAXIS_CONVENCIONALES\CB002_TAXIS_CONVENCIONALES_D_P.shp" JOIN_ONE_TO_ONE KEEP_ALL "nom_operad "nom_operad" true true false 254 Text 0 0 ,First,#,CB002_TAXIS_CONVENCIONALES,nom_operad,-1,-1;modalidad "modalidad" true true false 254 Text 0 0 ,First,#,CB002_TAXIS_CONVENCIONALES,modalidad,-1,-1;sitio "sitio" true true false 254 Text 0 0 ,First,#,CB002_TAXIS_CONVENCIONALES,sitio,-1,-1;adm_zonal "adm_zonal" true true false 254 Text 0 0 ,First,#,CB002_TAXIS_CONVENCIONALES,adm_zonal,-1,-1;parroquia "parroquia" true true false 254 Text 0 0 ,First,#,CB002_TAXIS_CONVENCIONALES,parroquia,-1,-1;sector "sector" true true false 254 Text 0 0 ,First,#,CB002_TAXIS_CONVENCIONALES,sector,-1,-1;calle "calle" true true false 254 Text 0 0 ,First,#,CB002_TAXIS_CONVENCIONALES,calle,-1,-1;referencia "referencia" true true false 254 Text 0 0 ,First,#,CB002_TAXIS_CONVENCIONALES,referencia,-1,-1;fcode "fcode" true true false 5 Text 0 0 ,First,#,CB002_TAXIS_CONVENCIONALES,fcode,-1,-1;parroq_id "parroq_id" true true false 254 Text 0 0 ,First,#,parroquia,parroq_id,-1,-1;nombre "nombre" true true false 254 Text 0 0 ,First,#,parroquia,nombre,-1,-1" INTERSECT # #</Process><Process ToolSource="c:\program files (x86)\arcgis\desktop10.8\ArcToolbox\Toolboxes\Data Management Tools.tbx\CalculateField" Date="20221228" Time="160808">CalculateField CB002_TAXIS_CONVENCIONALES_D_P parroquia [nombre] VB #</Process><Process ToolSource="c:\program files (x86)\arcgis\desktop10.8\ArcToolbox\Toolboxes\Data Management Tools.tbx\DeleteField" Date="20221228" Time="160903">DeleteField CB002_TAXIS_CONVENCIONALES_D_P Join_Count;TARGET_FID;parroq_id;nombre</Process><Process ToolSource="c:\program files (x86)\arcgis\desktop10.8\ArcToolbox\Toolboxes\Analysis Tools.tbx\SpatialJoin" Date="20221228" Time="161046">SpatialJoin CB002_TAXIS_CONVENCIONALES_D_P barrio_sector "C:\Users\eppillajo\Desktop\INFORMACIÓN AMT\09 Cooperativas de taxis\SEC. PLANIFICACIÓN\CB002_TAXIS_CONVENCIONALES\CB002_TAXIS_CONVENCIONALES_D_P_B.shp" JOIN_ONE_TO_ONE KEEP_ALL "nom_operad "nom_operad" true true false 254 Text 0 0 ,First,#,CB002_TAXIS_CONVENCIONALES_D_P,nom_operad,-1,-1;modalidad "modalidad" true true false 254 Text 0 0 ,First,#,CB002_TAXIS_CONVENCIONALES_D_P,modalidad,-1,-1;sitio "sitio" true true false 254 Text 0 0 ,First,#,CB002_TAXIS_CONVENCIONALES_D_P,sitio,-1,-1;adm_zonal "adm_zonal" true true false 254 Text 0 0 ,First,#,CB002_TAXIS_CONVENCIONALES_D_P,adm_zonal,-1,-1;parroquia "parroquia" true true false 254 Text 0 0 ,First,#,CB002_TAXIS_CONVENCIONALES_D_P,parroquia,-1,-1;sector "sector" true true false 254 Text 0 0 ,First,#,CB002_TAXIS_CONVENCIONALES_D_P,sector,-1,-1;calle "calle" true true false 254 Text 0 0 ,First,#,CB002_TAXIS_CONVENCIONALES_D_P,calle,-1,-1;referencia "referencia" true true false 254 Text 0 0 ,First,#,CB002_TAXIS_CONVENCIONALES_D_P,referencia,-1,-1;fcode "fcode" true true false 5 Text 0 0 ,First,#,CB002_TAXIS_CONVENCIONALES_D_P,fcode,-1,-1;barrio_ID "barrio_ID" true true false 16 Text 0 0 ,First,#,barrio_sector,barrio_ID,-1,-1;nombre "nombre" true true false 16 Text 0 0 ,First,#,barrio_sector,nombre,-1,-1;Proble "Proble" true true false 10 Long 0 10 ,First,#,barrio_sector,Proble,-1,-1;IDbarr "IDbarr" true true false 10 Long 0 10 ,First,#,barrio_sector,IDbarr,-1,-1;shapearea "shapearea" true true false 17 Double 5 16 ,First,#,barrio_sector,shapearea,-1,-1;shaperim "shaperim" true true false 17 Double 5 16 ,First,#,barrio_sector,shaperim,-1,-1;xcoor "xcoor" true true false 17 Double 5 16 ,First,#,barrio_sector,xcoor,-1,-1;ycoor "ycoor" true true false 17 Double 5 16 ,First,#,barrio_sector,ycoor,-1,-1" INTERSECT # #</Process><Process ToolSource="c:\program files (x86)\arcgis\desktop10.8\ArcToolbox\Toolboxes\Data Management Tools.tbx\CalculateField" Date="20221228" Time="161200">CalculateField CB002_TAXIS_CONVENCIONALES_D_P_B sector [nombre] VB #</Process><Process ToolSource="c:\program files (x86)\arcgis\desktop10.8\ArcToolbox\Toolboxes\Data Management Tools.tbx\DeleteField" Date="20221228" Time="161334">DeleteField CB002_TAXIS_CONVENCIONALES_D_P_B Join_Count;TARGET_FID;barrio_ID;nombre;Proble;IDbarr;shapearea;shaperim;xcoor</Process></lineage><itemProps><itemName Sync="TRUE">CB002_TAXIS_CONVENCIONALES_D_P_B</itemName><imsContentType Sync="TRUE">002</imsContentType><itemSize Sync="TRUE">0.000</itemSize><itemLocation><linkage Sync="TRUE">file://\\PC82AMTSV0100\Users\eppillajo\Desktop\INFORMACIÓN AMT\09 Cooperativas de taxis\SEC. PLANIFICACIÓN\CB002_TAXIS_CONVENCIONALES\CB002_TAXIS_CONVENCIONALES_D_P_B.shp</linkage><protocol Sync="TRUE">Local Area Network</protocol></itemLocation></itemProps><coordRef><type Sync="TRUE">Projected</type><geogcsn Sync="TRUE">GCS_unknown</geogcsn><csUnits Sync="TRUE">Linear Unit: Meter (1.000000)</csUnits><projcsn Sync="TRUE">unknown</projcsn><peXml Sync="TRUE">&lt;ProjectedCoordinateSystem xsi:type='typens:ProjectedCoordinateSystem' xmlns:xsi='http://www.w3.org/2001/XMLSchema-instance' xmlns:xs='http://www.w3.org/2001/XMLSchema' xmlns:typens='http://www.esri.com/schemas/ArcGIS/10.7'&gt;&lt;WKT&gt;PROJCS[&amp;quot;unknown&amp;quot;,GEOGCS[&amp;quot;GCS_unknown&amp;quot;,DATUM[&amp;quot;D_WGS_1984&amp;quot;,SPHEROID[&amp;quot;WGS_1984&amp;quot;,6378137.0,298.257223563]],PRIMEM[&amp;quot;Greenwich&amp;quot;,0.0],UNIT[&amp;quot;Degree&amp;quot;,0.0174532925199433]],PROJECTION[&amp;quot;Transverse_Mercator&amp;quot;],PARAMETER[&amp;quot;False_Easting&amp;quot;,500000.0],PARAMETER[&amp;quot;False_Northing&amp;quot;,10000000.0],PARAMETER[&amp;quot;Central_Meridian&amp;quot;,-78.5],PARAMETER[&amp;quot;Scale_Factor&amp;quot;,1.0004584],PARAMETER[&amp;quot;Latitude_Of_Origin&amp;quot;,0.0],UNIT[&amp;quot;Meter&amp;quot;,1.0]]&lt;/WKT&gt;&lt;XOrigin&gt;-5125700&lt;/XOrigin&gt;&lt;YOrigin&gt;-6700&lt;/YOrigin&gt;&lt;XYScale&gt;450058423.59324205&lt;/XYScale&gt;&lt;ZOrigin&gt;-100000&lt;/ZOrigin&gt;&lt;ZScale&gt;10000&lt;/ZScale&gt;&lt;MOrigin&gt;-100000&lt;/MOrigin&gt;&lt;MScale&gt;10000&lt;/MScale&gt;&lt;XYTolerance&gt;0.001&lt;/XYTolerance&gt;&lt;ZTolerance&gt;0.001&lt;/ZTolerance&gt;&lt;MTolerance&gt;0.001&lt;/MTolerance&gt;&lt;HighPrecision&gt;true&lt;/HighPrecision&gt;&lt;/ProjectedCoordinateSystem&gt;</peXml></coordRef></DataProperties><SyncDate>20221228</SyncDate><SyncTime>16104400</SyncTime><ModDate>20221228</ModDate><ModTime>16104400</ModTime></Esri><dataIdInfo><envirDesc Sync="TRUE"> Version 6.2 (Build 9200) ; Esri ArcGIS 10.8.0.12790</envirDesc><dataLang><languageCode value="spa" Sync="TRUE"></languageCode><countryCode value="ECU" Sync="TRUE"></countryCode></dataLang><idCitation><resTitle Sync="TRUE">CB002_TAXIS_CONVENCIONALES_D_P_B</resTitle><presForm><PresFormCd value="005" Sync="TRUE"></PresFormCd></presForm></idCitation><spatRpType><SpatRepTypCd value="001" Sync="TRUE"></SpatRepTypCd></spatRpType></dataIdInfo><mdLang><languageCode value="spa" Sync="TRUE"></languageCode><countryCode value="ECU" Sync="TRUE"></countryCode></mdLang><mdChar><CharSetCd value="004" Sync="TRUE"></CharSetCd></mdChar><distInfo><distFormat><formatName Sync="TRUE">Shapefile</formatName></distFormat><distTranOps><transSize Sync="TRUE">0.000</transSize></distTranOps></distInfo><mdHrLv><ScopeCd value="005" Sync="TRUE"></ScopeCd></mdHrLv><mdHrLvName Sync="TRUE">dataset</mdHrLvName><refSysInfo><RefSystem><refSysID><identCode code="0" Sync="TRUE"></identCode></refSysID></RefSystem></refSysInfo><spatRepInfo><VectSpatRep><geometObjs Name="CB002_TAXIS_CONVENCIONALES_D_P_B"><geoObjTyp><GeoObjTypCd value="004" Sync="TRUE"></GeoObjTypCd></geoObjTyp><geoObjCnt Sync="TRUE">0</geoObjCnt></geometObjs><topLvl><TopoLevCd value="001" Sync="TRUE"></TopoLevCd></topLvl></VectSpatRep></spatRepInfo><spdoinfo><ptvctinf><esriterm Name="CB002_TAXIS_CONVENCIONALES_D_P_B"><efeatyp Sync="TRUE">Simple</efeatyp><efeageom code="1" Sync="TRUE"></efeageom><esritopo Sync="TRUE">FALSE</esritopo><efeacnt Sync="TRUE">0</efeacnt><spindex Sync="TRUE">FALSE</spindex><linrefer Sync="TRUE">FALSE</linrefer></esriterm></ptvctinf></spdoinfo><eainfo><detailed Name="CB002_TAXIS_CONVENCIONALES_D_P_B"><enttyp><enttypl Sync="TRUE">CB002_TAXIS_CONVENCIONALES_D_P_B</enttypl><enttypt Sync="TRUE">Feature Class</enttypt><enttypc Sync="TRUE">0</enttypc></enttyp><attr><attrlabl Sync="TRUE">FID</attrlabl><attalias Sync="TRUE">FID</attalias><attrtype Sync="TRUE">OID</attrtype><attwidth Sync="TRUE">4</attwidth><atprecis Sync="TRUE">0</atprecis><attscale Sync="TRUE">0</attscale><attrdef Sync="TRUE">Internal feature number.</attrdef><attrdefs Sync="TRUE">Esri</attrdefs><attrdomv><udom Sync="TRUE">Sequential unique whole numbers that are automatically generated.</udom></attrdomv></attr><attr><attrlabl Sync="TRUE">Shape</attrlabl><attalias Sync="TRUE">Shape</attalias><attrtype Sync="TRUE">Geometry</attrtype><attwidth Sync="TRUE">0</attwidth><atprecis Sync="TRUE">0</atprecis><attscale Sync="TRUE">0</attscale><attrdef Sync="TRUE">Feature geometry.</attrdef><attrdefs Sync="TRUE">Esri</attrdefs><attrdomv><udom Sync="TRUE">Coordinates defining the features.</udom></attrdomv></attr><attr><attrlabl Sync="TRUE">Join_Count</attrlabl><attalias Sync="TRUE">Join_Count</attalias><attrtype Sync="TRUE">Integer</attrtype><attwidth Sync="TRUE">10</attwidth><atprecis Sync="TRUE">10</atprecis><attscale Sync="TRUE">0</attscale></attr><attr><attrlabl Sync="TRUE">TARGET_FID</attrlabl><attalias Sync="TRUE">TARGET_FID</attalias><attrtype Sync="TRUE">Integer</attrtype><attwidth Sync="TRUE">10</attwidth><atprecis Sync="TRUE">10</atprecis><attscale Sync="TRUE">0</attscale></attr><attr><attrlabl Sync="TRUE">nom_operad</attrlabl><attalias Sync="TRUE">nom_operad</attalias><attrtype Sync="TRUE">String</attrtype><attwidth Sync="TRUE">254</attwidth><atprecis Sync="TRUE">0</atprecis><attscale Sync="TRUE">0</attscale></attr><attr><attrlabl Sync="TRUE">modalidad</attrlabl><attalias Sync="TRUE">modalidad</attalias><attrtype Sync="TRUE">String</attrtype><attwidth Sync="TRUE">254</attwidth><atprecis Sync="TRUE">0</atprecis><attscale Sync="TRUE">0</attscale></attr><attr><attrlabl Sync="TRUE">sitio</attrlabl><attalias Sync="TRUE">sitio</attalias><attrtype Sync="TRUE">String</attrtype><attwidth Sync="TRUE">254</attwidth><atprecis Sync="TRUE">0</atprecis><attscale Sync="TRUE">0</attscale></attr><attr><attrlabl Sync="TRUE">adm_zonal</attrlabl><attalias Sync="TRUE">adm_zonal</attalias><attrtype Sync="TRUE">String</attrtype><attwidth Sync="TRUE">254</attwidth><atprecis Sync="TRUE">0</atprecis><attscale Sync="TRUE">0</attscale></attr><attr><attrlabl Sync="TRUE">parroquia</attrlabl><attalias Sync="TRUE">parroquia</attalias><attrtype Sync="TRUE">String</attrtype><attwidth Sync="TRUE">254</attwidth><atprecis Sync="TRUE">0</atprecis><attscale Sync="TRUE">0</attscale></attr><attr><attrlabl Sync="TRUE">sector</attrlabl><attalias Sync="TRUE">sector</attalias><attrtype Sync="TRUE">String</attrtype><attwidth Sync="TRUE">254</attwidth><atprecis Sync="TRUE">0</atprecis><attscale Sync="TRUE">0</attscale></attr><attr><attrlabl Sync="TRUE">calle</attrlabl><attalias Sync="TRUE">calle</attalias><attrtype Sync="TRUE">String</attrtype><attwidth Sync="TRUE">254</attwidth><atprecis Sync="TRUE">0</atprecis><attscale Sync="TRUE">0</attscale></attr><attr><attrlabl Sync="TRUE">referencia</attrlabl><attalias Sync="TRUE">referencia</attalias><attrtype Sync="TRUE">String</attrtype><attwidth Sync="TRUE">254</attwidth><atprecis Sync="TRUE">0</atprecis><attscale Sync="TRUE">0</attscale></attr><attr><attrlabl Sync="TRUE">fcode</attrlabl><attalias Sync="TRUE">fcode</attalias><attrtype Sync="TRUE">String</attrtype><attwidth Sync="TRUE">5</attwidth><atprecis Sync="TRUE">0</atprecis><attscale Sync="TRUE">0</attscale></attr><attr><attrlabl Sync="TRUE">barrio_ID</attrlabl><attalias Sync="TRUE">barrio_ID</attalias><attrtype Sync="TRUE">String</attrtype><attwidth Sync="TRUE">16</attwidth><atprecis Sync="TRUE">0</atprecis><attscale Sync="TRUE">0</attscale></attr><attr><attrlabl Sync="TRUE">nombre</attrlabl><attalias Sync="TRUE">nombre</attalias><attrtype Sync="TRUE">String</attrtype><attwidth Sync="TRUE">16</attwidth><atprecis Sync="TRUE">0</atprecis><attscale Sync="TRUE">0</attscale></attr><attr><attrlabl Sync="TRUE">Proble</attrlabl><attalias Sync="TRUE">Proble</attalias><attrtype Sync="TRUE">Integer</attrtype><attwidth Sync="TRUE">10</attwidth><atprecis Sync="TRUE">10</atprecis><attscale Sync="TRUE">0</attscale></attr><attr><attrlabl Sync="TRUE">IDbarr</attrlabl><attalias Sync="TRUE">IDbarr</attalias><attrtype Sync="TRUE">Integer</attrtype><attwidth Sync="TRUE">10</attwidth><atprecis Sync="TRUE">10</atprecis><attscale Sync="TRUE">0</attscale></attr><attr><attrlabl Sync="TRUE">shapearea</attrlabl><attalias Sync="TRUE">shapearea</attalias><attrtype Sync="TRUE">Double</attrtype><attwidth Sync="TRUE">17</attwidth><atprecis Sync="TRUE">16</atprecis><attscale Sync="TRUE">5</attscale></attr><attr><attrlabl Sync="TRUE">shaperim</attrlabl><attalias Sync="TRUE">shaperim</attalias><attrtype Sync="TRUE">Double</attrtype><attwidth Sync="TRUE">17</attwidth><atprecis Sync="TRUE">16</atprecis><attscale Sync="TRUE">5</attscale></attr><attr><attrlabl Sync="TRUE">xcoor</attrlabl><attalias Sync="TRUE">xcoor</attalias><attrtype Sync="TRUE">Double</attrtype><attwidth Sync="TRUE">17</attwidth><atprecis Sync="TRUE">16</atprecis><attscale Sync="TRUE">5</attscale></attr><attr><attrlabl Sync="TRUE">ycoor</attrlabl><attalias Sync="TRUE">ycoor</attalias><attrtype Sync="TRUE">Double</attrtype><attwidth Sync="TRUE">17</attwidth><atprecis Sync="TRUE">16</atprecis><attscale Sync="TRUE">5</attscale></attr></detailed></eainfo><mdDateSt Sync="TRUE">20221228</mdDateSt></metadata>
