<metadata xml:lang="es"><Esri><CreaDate>20130614</CreaDate><CreaTime>19163400</CreaTime><ArcGISFormat>1.0</ArcGISFormat><SyncOnce>FALSE</SyncOnce><DataProperties><lineage><Process ToolSource="c:\program files (x86)\arcgis\desktop10.1\ArcToolbox\Toolboxes\Data Management Tools.tbx\Project" Date="20130614" Time="191634">Project "D:\Info_Cenapred\IRIS_CENAPRED\Riesgos Geologicos\Volcanes\volcanesactivos\volcancg.shp" "D:\Info_Cenapred\IRIS_CENAPRED\Riesgos Geologicos\Volcanes\volcanesactivos\volcanccl.shp" PROJCS['ITER92_CCL',GEOGCS['ITER92',DATUM['&lt;custom&gt;',SPHEROID['GRS_1980',6378137.0,298.257222101]],PRIMEM['Greenwich',0.0],UNIT['Degree',0.0174532925199433]],PROJECTION['Lambert_Conformal_Conic'],PARAMETER['False_Easting',2500000.0],PARAMETER['False_Northing',0.0],PARAMETER['Central_Meridian',-102.0],PARAMETER['Standard_Parallel_1',17.5],PARAMETER['Standard_Parallel_2',29.5],PARAMETER['Scale_Factor',1.0],PARAMETER['Latitude_Of_Origin',12.0],UNIT['Meter',1.0]] # GEOGCS['ITRF92 Mexico',DATUM['ITRF92',SPHEROID['GRS_1980',6378137.0,298.2572221010041]],PRIMEM['Greenwich',0.0],UNIT['Degree',0.0174532925199433]]</Process><Process ToolSource="c:\program files (x86)\arcgis\desktop10.1\ArcToolbox\Toolboxes\Conversion Tools.tbx\FeatureClassToFeatureClass" Date="20130626" Time="164306">FeatureClassToFeatureClass "D:\Info_Cenapred\IRIS_CENAPRED\Riesgos Geologicos\Volcanes\volcanesactivos\volcanccl.shp" "Database Connections\Cenapred.sde\CENAPREDOWNER.RG_Volcanes_activos" Volcanes_Activos # "Clave "Clave" true true false 16 Double 6 15 ,First,#,D:\Info_Cenapred\IRIS_CENAPRED\Riesgos Geologicos\Volcanes\volcanesactivos\volcanccl.shp,Clave,-1,-1;Catego "Catego" true true false 16 Double 6 15 ,First,#,D:\Info_Cenapred\IRIS_CENAPRED\Riesgos Geologicos\Volcanes\volcanesactivos\volcanccl.shp,Catego,-1,-1;nomb "nomb" true true false 254 Text 0 0 ,First,#,D:\Info_Cenapred\IRIS_CENAPRED\Riesgos Geologicos\Volcanes\volcanesactivos\volcanccl.shp,nomb,-1,-1;Lat "Lat" true true false 16 Double 6 15 ,First,#,D:\Info_Cenapred\IRIS_CENAPRED\Riesgos Geologicos\Volcanes\volcanesactivos\volcanccl.shp,Lat,-1,-1;Long "Long" true true false 16 Double 6 15 ,First,#,D:\Info_Cenapred\IRIS_CENAPRED\Riesgos Geologicos\Volcanes\volcanesactivos\volcanccl.shp,Long,-1,-1;Elev "Elev" true true false 16 Double 6 15 ,First,#,D:\Info_Cenapred\IRIS_CENAPRED\Riesgos Geologicos\Volcanes\volcanesactivos\volcanccl.shp,Elev,-1,-1;Tipo "Tipo" true true false 254 Text 0 0 ,First,#,D:\Info_Cenapred\IRIS_CENAPRED\Riesgos Geologicos\Volcanes\volcanesactivos\volcanccl.shp,Tipo,-1,-1;Activ "Activ" true true false 254 Text 0 0 ,First,#,D:\Info_Cenapred\IRIS_CENAPRED\Riesgos Geologicos\Volcanes\volcanesactivos\volcanccl.shp,Activ,-1,-1;Edo_loc "Edo_loc" true true false 254 Text 0 0 ,First,#,D:\Info_Cenapred\IRIS_CENAPRED\Riesgos Geologicos\Volcanes\volcanesactivos\volcanccl.shp,Edo_loc,-1,-1;Tip_erup "Tip_erup" true true false 254 Text 0 0 ,First,#,D:\Info_Cenapred\IRIS_CENAPRED\Riesgos Geologicos\Volcanes\volcanesactivos\volcanccl.shp,Tip_erup,-1,-1;Product "Product" true true false 254 Text 0 0 ,First,#,D:\Info_Cenapred\IRIS_CENAPRED\Riesgos Geologicos\Volcanes\volcanesactivos\volcanccl.shp,Product,-1,-1;Comp "Comp" true true false 254 Text 0 0 ,First,#,D:\Info_Cenapred\IRIS_CENAPRED\Riesgos Geologicos\Volcanes\volcanesactivos\volcanccl.shp,Comp,-1,-1;Papers "Papers" true true false 254 Text 0 0 ,First,#,D:\Info_Cenapred\IRIS_CENAPRED\Riesgos Geologicos\Volcanes\volcanesactivos\volcanccl.shp,Papers,-1,-1" CEN_01</Process><Process ToolSource="E:\ArcGIS\Desktop10.0\ArcToolbox\Toolboxes\Data Management Tools.tbx\CalculateField" Date="20130626" Time="173449">CalculateField "Volcanes activos" TIPO "Estratovolcán" VB #</Process><Process ToolSource="E:\ArcGIS\Desktop10.0\ArcToolbox\Toolboxes\Data Management Tools.tbx\CalculateField" Date="20130626" Time="173523">CalculateField "Volcanes activos" TIPO "Volcán escudo" VB #</Process><Process ToolSource="E:\ArcGIS\Desktop10.0\ArcToolbox\Toolboxes\Data Management Tools.tbx\CalculateField" Date="20130626" Time="173712">CalculateField "Volcanes activos" TIPO "Campo volcánico" VB #</Process><Process ToolSource="c:\program files (x86)\arcgis\desktop10.2\ArcToolbox\Toolboxes\Conversion Tools.tbx\FeatureClassToFeatureClass" Date="20131206" Time="184645">FeatureClassToFeatureClass "Database Connections\cenapredownerANR.sde\CENAPREDOWNER.RG_Volcanes_activos\CENAPREDOWNER.Volcanes_Activos" "Database Connections\Connection to NEPTUNO.sde\SDE.ANR_Fenomenos_Geologicos" CENAPRED_Volcan_Activos # "CLAVE "CLAVE" true true false 8 Double 6 15 ,First,#,Database Connections\cenapredownerANR.sde\CENAPREDOWNER.RG_Volcanes_activos\CENAPREDOWNER.Volcanes_Activos,CLAVE,-1,-1;CATEGO "CATEGO" true true false 8 Double 6 15 ,First,#,Database Connections\cenapredownerANR.sde\CENAPREDOWNER.RG_Volcanes_activos\CENAPREDOWNER.Volcanes_Activos,CATEGO,-1,-1;NOMB "NOMB" true true false 254 Text 0 0 ,First,#,Database Connections\cenapredownerANR.sde\CENAPREDOWNER.RG_Volcanes_activos\CENAPREDOWNER.Volcanes_Activos,NOMB,-1,-1;LAT "LAT" true true false 8 Double 6 15 ,First,#,Database Connections\cenapredownerANR.sde\CENAPREDOWNER.RG_Volcanes_activos\CENAPREDOWNER.Volcanes_Activos,LAT,-1,-1;LONG_ "LONG_" true true false 8 Double 6 15 ,First,#,Database Connections\cenapredownerANR.sde\CENAPREDOWNER.RG_Volcanes_activos\CENAPREDOWNER.Volcanes_Activos,LONG_,-1,-1;ELEV "ELEV" true true false 8 Double 6 15 ,First,#,Database Connections\cenapredownerANR.sde\CENAPREDOWNER.RG_Volcanes_activos\CENAPREDOWNER.Volcanes_Activos,ELEV,-1,-1;TIPO "TIPO" true true false 254 Text 0 0 ,First,#,Database Connections\cenapredownerANR.sde\CENAPREDOWNER.RG_Volcanes_activos\CENAPREDOWNER.Volcanes_Activos,TIPO,-1,-1;ACTIV "ACTIV" true true false 254 Text 0 0 ,First,#,Database Connections\cenapredownerANR.sde\CENAPREDOWNER.RG_Volcanes_activos\CENAPREDOWNER.Volcanes_Activos,ACTIV,-1,-1;EDO_LOC "EDO_LOC" true true false 254 Text 0 0 ,First,#,Database Connections\cenapredownerANR.sde\CENAPREDOWNER.RG_Volcanes_activos\CENAPREDOWNER.Volcanes_Activos,EDO_LOC,-1,-1;TIP_ERUP "TIP_ERUP" true true false 254 Text 0 0 ,First,#,Database Connections\cenapredownerANR.sde\CENAPREDOWNER.RG_Volcanes_activos\CENAPREDOWNER.Volcanes_Activos,TIP_ERUP,-1,-1;PRODUCT "PRODUCT" true true false 254 Text 0 0 ,First,#,Database Connections\cenapredownerANR.sde\CENAPREDOWNER.RG_Volcanes_activos\CENAPREDOWNER.Volcanes_Activos,PRODUCT,-1,-1;COMP "COMP" true true false 254 Text 0 0 ,First,#,Database Connections\cenapredownerANR.sde\CENAPREDOWNER.RG_Volcanes_activos\CENAPREDOWNER.Volcanes_Activos,COMP,-1,-1;PAPERS "PAPERS" true true false 254 Text 0 0 ,First,#,Database Connections\cenapredownerANR.sde\CENAPREDOWNER.RG_Volcanes_activos\CENAPREDOWNER.Volcanes_Activos,PAPERS,-1,-1" SAVER_14</Process><Process ToolSource="c:\program files (x86)\arcgis\desktop10.3\ArcToolbox\Toolboxes\Data Management Tools.tbx\CopyFeatures" Date="20230323" Time="122601">CopyFeatures \\10.2.62.67\Informacion\ANR\Fen_Geologicos.gdb\CENAPRED_Volcan_Activos "D:\2022\MXD to SHP Arcpy\Fenomenos_Geologicos\CENAPRED_Volcan_Activos\CENAPRED_Volcan_Activos.shp" # 0 0 0</Process></lineage><itemProps><itemName Sync="TRUE">CENAPRED_Volcan_Activos</itemName><imsContentType Sync="TRUE">002</imsContentType><itemLocation><linkage Sync="TRUE">file://\\CENAPRED1\D$\2022\MXD to SHP Arcpy\Fenomenos_Geologicos\CENAPRED_Volcan_Activos\CENAPRED_Volcan_Activos.shp</linkage><protocol Sync="TRUE">Local Area Network</protocol></itemLocation><itemSize Sync="TRUE">0.000</itemSize></itemProps><coordRef><type Sync="TRUE">Projected</type><geogcsn Sync="TRUE">ITER92</geogcsn><csUnits Sync="TRUE">Linear Unit: Meter (1.000000)</csUnits><projcsn Sync="TRUE">ITER92_CCL</projcsn><peXml Sync="TRUE">&lt;ProjectedCoordinateSystem xsi:type='typens:ProjectedCoordinateSystem' xmlns:xsi='http://www.w3.org/2001/XMLSchema-instance' xmlns:xs='http://www.w3.org/2001/XMLSchema' xmlns:typens='http://www.esri.com/schemas/ArcGIS/10.3'&gt;&lt;WKT&gt;PROJCS[&amp;quot;ITER92_CCL&amp;quot;,GEOGCS[&amp;quot;ITER92&amp;quot;,DATUM[&amp;quot;&amp;lt;custom&amp;gt;&amp;quot;,SPHEROID[&amp;quot;GRS_1980&amp;quot;,6378137.0,298.257222101]],PRIMEM[&amp;quot;Greenwich&amp;quot;,0.0],UNIT[&amp;quot;Degree&amp;quot;,0.0174532925199433]],PROJECTION[&amp;quot;Lambert_Conformal_Conic&amp;quot;],PARAMETER[&amp;quot;False_Easting&amp;quot;,2500000.0],PARAMETER[&amp;quot;False_Northing&amp;quot;,0.0],PARAMETER[&amp;quot;Central_Meridian&amp;quot;,-102.0],PARAMETER[&amp;quot;Standard_Parallel_1&amp;quot;,17.5],PARAMETER[&amp;quot;Standard_Parallel_2&amp;quot;,29.5],PARAMETER[&amp;quot;Scale_Factor&amp;quot;,1.0],PARAMETER[&amp;quot;Latitude_Of_Origin&amp;quot;,12.0],UNIT[&amp;quot;Meter&amp;quot;,1.0]]&lt;/WKT&gt;&lt;XOrigin&gt;-37031600&lt;/XOrigin&gt;&lt;YOrigin&gt;-25743800&lt;/YOrigin&gt;&lt;XYScale&gt;113924041.20679393&lt;/XYScale&gt;&lt;ZOrigin&gt;-100000&lt;/ZOrigin&gt;&lt;ZScale&gt;10000&lt;/ZScale&gt;&lt;MOrigin&gt;-100000&lt;/MOrigin&gt;&lt;MScale&gt;10000&lt;/MScale&gt;&lt;XYTolerance&gt;0.001&lt;/XYTolerance&gt;&lt;ZTolerance&gt;0.001&lt;/ZTolerance&gt;&lt;MTolerance&gt;0.001&lt;/MTolerance&gt;&lt;HighPrecision&gt;true&lt;/HighPrecision&gt;&lt;/ProjectedCoordinateSystem&gt;</peXml></coordRef></DataProperties><SyncDate>20230323</SyncDate><SyncTime>12255900</SyncTime><ModDate>20230323</ModDate><ModTime>12255900</ModTime></Esri><dataIdInfo><envirDesc Sync="TRUE">Microsoft Windows 7 Version 6.1 (Build 7601) Service Pack 1; Esri ArcGIS 10.3.0.4322</envirDesc><dataLang><languageCode value="spa" Sync="TRUE"></languageCode><countryCode value="MEX" Sync="TRUE"></countryCode></dataLang><idCitation><resTitle Sync="TRUE">CENAPRED_Volcan_Activos</resTitle><presForm><PresFormCd value="005" Sync="TRUE"></PresFormCd></presForm></idCitation><spatRpType><SpatRepTypCd value="001" Sync="TRUE"></SpatRepTypCd></spatRpType></dataIdInfo><mdLang><languageCode value="spa" Sync="TRUE"></languageCode><countryCode value="MEX" Sync="TRUE"></countryCode></mdLang><distInfo><distFormat><formatName Sync="TRUE">Shapefile</formatName></distFormat><distTranOps><transSize Sync="TRUE">0.000</transSize></distTranOps></distInfo><mdHrLv><ScopeCd value="005" Sync="TRUE"></ScopeCd></mdHrLv><mdHrLvName Sync="TRUE">dataset</mdHrLvName><refSysInfo><RefSystem><refSysID><identCode code="0" Sync="TRUE"></identCode></refSysID></RefSystem></refSysInfo><spatRepInfo><VectSpatRep><geometObjs Name="CENAPRED_Volcan_Activos"><geoObjTyp><GeoObjTypCd value="004" Sync="TRUE"></GeoObjTypCd></geoObjTyp><geoObjCnt Sync="TRUE">0</geoObjCnt></geometObjs><topLvl><TopoLevCd value="001" Sync="TRUE"></TopoLevCd></topLvl></VectSpatRep></spatRepInfo><spdoinfo><ptvctinf><esriterm Name="CENAPRED_Volcan_Activos"><efeatyp Sync="TRUE">Simple</efeatyp><efeageom code="1" Sync="TRUE"></efeageom><esritopo Sync="TRUE">FALSE</esritopo><efeacnt Sync="TRUE">0</efeacnt><spindex Sync="TRUE">FALSE</spindex><linrefer Sync="TRUE">FALSE</linrefer></esriterm></ptvctinf></spdoinfo><eainfo><detailed Name="CENAPRED_Volcan_Activos"><enttyp><enttypl Sync="TRUE">CENAPRED_Volcan_Activos</enttypl><enttypt Sync="TRUE">Feature Class</enttypt><enttypc Sync="TRUE">0</enttypc></enttyp><attr><attrlabl Sync="TRUE">FID</attrlabl><attalias Sync="TRUE">FID</attalias><attrtype Sync="TRUE">OID</attrtype><attwidth Sync="TRUE">4</attwidth><atprecis Sync="TRUE">0</atprecis><attscale Sync="TRUE">0</attscale><attrdef Sync="TRUE">Internal feature number.</attrdef><attrdefs Sync="TRUE">Esri</attrdefs><attrdomv><udom Sync="TRUE">Sequential unique whole numbers that are automatically generated.</udom></attrdomv></attr><attr><attrlabl Sync="TRUE">CLAVE</attrlabl><attalias Sync="TRUE">CLAVE</attalias><attrtype Sync="TRUE">Double</attrtype><attwidth Sync="TRUE">19</attwidth><atprecis Sync="TRUE">0</atprecis><attscale Sync="TRUE">0</attscale></attr><attr><attrlabl Sync="TRUE">CATEGO</attrlabl><attalias Sync="TRUE">CATEGO</attalias><attrtype Sync="TRUE">Double</attrtype><attwidth Sync="TRUE">19</attwidth><atprecis Sync="TRUE">0</atprecis><attscale Sync="TRUE">0</attscale></attr><attr><attrlabl Sync="TRUE">NOMB</attrlabl><attalias Sync="TRUE">NOMB</attalias><attrtype Sync="TRUE">String</attrtype><attwidth Sync="TRUE">254</attwidth><atprecis Sync="TRUE">0</atprecis><attscale Sync="TRUE">0</attscale></attr><attr><attrlabl Sync="TRUE">LAT</attrlabl><attalias Sync="TRUE">LAT</attalias><attrtype Sync="TRUE">Double</attrtype><attwidth Sync="TRUE">19</attwidth><atprecis Sync="TRUE">0</atprecis><attscale Sync="TRUE">0</attscale></attr><attr><attrlabl Sync="TRUE">LONG_</attrlabl><attalias Sync="TRUE">LONG_</attalias><attrtype Sync="TRUE">Double</attrtype><attwidth Sync="TRUE">19</attwidth><atprecis Sync="TRUE">0</atprecis><attscale Sync="TRUE">0</attscale></attr><attr><attrlabl Sync="TRUE">ELEV</attrlabl><attalias Sync="TRUE">ELEV</attalias><attrtype Sync="TRUE">Double</attrtype><attwidth Sync="TRUE">19</attwidth><atprecis Sync="TRUE">0</atprecis><attscale Sync="TRUE">0</attscale></attr><attr><attrlabl Sync="TRUE">TIPO</attrlabl><attalias Sync="TRUE">TIPO</attalias><attrtype Sync="TRUE">String</attrtype><attwidth Sync="TRUE">254</attwidth><atprecis Sync="TRUE">0</atprecis><attscale Sync="TRUE">0</attscale></attr><attr><attrlabl Sync="TRUE">ACTIV</attrlabl><attalias Sync="TRUE">ACTIV</attalias><attrtype Sync="TRUE">String</attrtype><attwidth Sync="TRUE">254</attwidth><atprecis Sync="TRUE">0</atprecis><attscale Sync="TRUE">0</attscale></attr><attr><attrlabl Sync="TRUE">EDO_LOC</attrlabl><attalias Sync="TRUE">EDO_LOC</attalias><attrtype Sync="TRUE">String</attrtype><attwidth Sync="TRUE">254</attwidth><atprecis Sync="TRUE">0</atprecis><attscale Sync="TRUE">0</attscale></attr><attr><attrlabl Sync="TRUE">TIP_ERUP</attrlabl><attalias Sync="TRUE">TIP_ERUP</attalias><attrtype Sync="TRUE">String</attrtype><attwidth Sync="TRUE">254</attwidth><atprecis Sync="TRUE">0</atprecis><attscale Sync="TRUE">0</attscale></attr><attr><attrlabl Sync="TRUE">PRODUCT</attrlabl><attalias Sync="TRUE">PRODUCT</attalias><attrtype Sync="TRUE">String</attrtype><attwidth Sync="TRUE">254</attwidth><atprecis Sync="TRUE">0</atprecis><attscale Sync="TRUE">0</attscale></attr><attr><attrlabl Sync="TRUE">COMP</attrlabl><attalias Sync="TRUE">COMP</attalias><attrtype Sync="TRUE">String</attrtype><attwidth Sync="TRUE">254</attwidth><atprecis Sync="TRUE">0</atprecis><attscale Sync="TRUE">0</attscale></attr><attr><attrlabl Sync="TRUE">PAPERS</attrlabl><attalias Sync="TRUE">PAPERS</attalias><attrtype Sync="TRUE">String</attrtype><attwidth Sync="TRUE">254</attwidth><atprecis Sync="TRUE">0</atprecis><attscale Sync="TRUE">0</attscale></attr><attr><attrlabl Sync="TRUE">SHAPE</attrlabl><attalias Sync="TRUE">Shape</attalias><attrtype Sync="TRUE">Geometry</attrtype><attwidth Sync="TRUE">0</attwidth><atprecis Sync="TRUE">0</atprecis><attscale Sync="TRUE">0</attscale><attrdef Sync="TRUE">Feature geometry.</attrdef><attrdefs Sync="TRUE">Esri</attrdefs><attrdomv><udom Sync="TRUE">Coordinates defining the features.</udom></attrdomv></attr></detailed></eainfo><mdDateSt Sync="TRUE">20230323</mdDateSt></metadata>
