<?xml version="1.0" encoding="UTF-8"?>
<metadata xml:lang="es"><Esri><CreaDate>20230201</CreaDate><CreaTime>11413200</CreaTime><ArcGISFormat>1.0</ArcGISFormat><ArcGISstyle>XTools Pro Metadata</ArcGISstyle><SyncOnce>TRUE</SyncOnce><DataProperties><lineage><Process ToolSource="C:\Program Files (x86)\XTools\XTools Pro\Toolbox\XTools Pro.tbx\XToolsGP_DeleteMultipleFields" Date="20190523" Time="145706">XToolsGP_DeleteMultipleFields PUNTOS_CRITICOS123 CreationDa;Creator;EditDate;Editor;field_0;field_2;field_4;field_5;field_5_ot;field_9;field_10;field_10_o;field_14;field_13;field_15;field_16;ObjectID</Process><Process ToolSource="c:\program files (x86)\arcgis\desktop10.4\ArcToolbox\Toolboxes\Data Management Tools.tbx\CalculateField" Date="20190523" Time="162640">CalculateField PUNTOS_CRITICOS ¿PCR_esta "SI" VB #</Process><Process ToolSource="c:\program files (x86)\arcgis\desktop10.4\ArcToolbox\Toolboxes\Data Management Tools.tbx\CalculateField" Date="20190523" Time="162723">CalculateField PUNTOS_CRITICOS ¿PCR_esta "NO" VB #</Process><Process ToolSource="c:\program files (x86)\arcgis\desktop10.4\ArcToolbox\Toolboxes\Data Management Tools.tbx\CalculateField" Date="20190523" Time="163044">CalculateField PUNTOS_CRITICOS Cantidad_v 1 VB #</Process><Process ToolSource="c:\program files (x86)\arcgis\desktop10.4\ArcToolbox\Toolboxes\Data Management Tools.tbx\CalculateField" Date="20190523" Time="163420">CalculateField PUNTOS_CRITICOS Cantidad_v 2 VB #</Process><Process ToolSource="c:\program files (x86)\arcgis\desktop10.4\ArcToolbox\Toolboxes\Data Management Tools.tbx\CalculateField" Date="20190523" Time="163437">CalculateField PUNTOS_CRITICOS Cantidad_v 3 VB #</Process><Process ToolSource="c:\program files (x86)\arcgis\desktop10.4\ArcToolbox\Toolboxes\Data Management Tools.tbx\CalculateField" Date="20190523" Time="163450">CalculateField PUNTOS_CRITICOS Cantidad_v 4 VB #</Process><Process ToolSource="c:\program files (x86)\arcgis\desktop10.4\ArcToolbox\Toolboxes\Data Management Tools.tbx\CalculateField" Date="20190523" Time="163506">CalculateField PUNTOS_CRITICOS Cantidad_v 5 VB #</Process><Process ToolSource="c:\program files (x86)\arcgis\desktop10.4\ArcToolbox\Toolboxes\Data Management Tools.tbx\CalculateField" Date="20190523" Time="163522">CalculateField PUNTOS_CRITICOS Cantidad_v 6 VB #</Process><Process ToolSource="c:\program files (x86)\arcgis\desktop10.4\ArcToolbox\Toolboxes\Data Management Tools.tbx\CalculateField" Date="20190523" Time="163545">CalculateField PUNTOS_CRITICOS Cantidad_v 8 VB #</Process><Process ToolSource="c:\program files (x86)\arcgis\desktop10.4\ArcToolbox\Toolboxes\Data Management Tools.tbx\CalculateField" Date="20190527" Time="084056">CalculateField PUNTOS_CRITICOS Cantidad_v 7 VB #</Process><Process ToolSource="c:\program files (x86)\arcgis\desktop10.4\ArcToolbox\Toolboxes\Data Management Tools.tbx\CalculateField" Date="20190527" Time="121535">CalculateField "Puntos Críticos 2019" Adm_Zonal "CALDERON" VB #</Process><Process ToolSource="c:\program files (x86)\arcgis\desktop10.4\ArcToolbox\Toolboxes\Data Management Tools.tbx\CalculateField" Date="20190527" Time="121555">CalculateField "Puntos Críticos 2019" Adm_Zonal "ELOY ALFARO" VB #</Process><Process ToolSource="c:\program files (x86)\arcgis\desktop10.4\ArcToolbox\Toolboxes\Data Management Tools.tbx\CalculateField" Date="20190527" Time="121617">CalculateField "Puntos Críticos 2019" Adm_Zonal "EUGENIO ESPEJO" VB #</Process><Process ToolSource="c:\program files (x86)\arcgis\desktop10.4\ArcToolbox\Toolboxes\Data Management Tools.tbx\CalculateField" Date="20190527" Time="121642">CalculateField "Puntos Críticos 2019" Adm_Zonal "LA DELICIA" VB #</Process><Process ToolSource="c:\program files (x86)\arcgis\desktop10.4\ArcToolbox\Toolboxes\Data Management Tools.tbx\CalculateField" Date="20190527" Time="121659">CalculateField "Puntos Críticos 2019" Adm_Zonal "LOS CHILLOS" VB #</Process><Process ToolSource="c:\program files (x86)\arcgis\desktop10.4\ArcToolbox\Toolboxes\Data Management Tools.tbx\CalculateField" Date="20190527" Time="121723">CalculateField "Puntos Críticos 2019" Adm_Zonal "MANUELA SAENZ" VB #</Process><Process ToolSource="c:\program files (x86)\arcgis\desktop10.4\ArcToolbox\Toolboxes\Data Management Tools.tbx\CalculateField" Date="20190527" Time="121739">CalculateField "Puntos Críticos 2019" Adm_Zonal "QUITUMBE" VB #</Process><Process ToolSource="c:\program files (x86)\arcgis\desktop10.4\ArcToolbox\Toolboxes\Data Management Tools.tbx\CalculateField" Date="20190527" Time="121757">CalculateField "Puntos Críticos 2019" Adm_Zonal "TUMBACO" VB #</Process><Process ToolSource="c:\program files (x86)\arcgis\desktop10.4\ArcToolbox\Toolboxes\Data Management Tools.tbx\CalculateField" Date="20190527" Time="144428">CalculateField "Puntos Críticos 2019" ¿PCR_esta "NO" VB #</Process><Process ToolSource="c:\program files (x86)\arcgis\desktop10.4\ArcToolbox\Toolboxes\Data Management Tools.tbx\CalculateField" Date="20190527" Time="145136">CalculateField "Puntos Críticos 2019" Cantidad_v 1 VB #</Process><Process ToolSource="c:\program files (x86)\arcgis\desktop10.4\ArcToolbox\Toolboxes\Data Management Tools.tbx\CalculateField" Date="20190527" Time="150544">CalculateField "Puntos Críticos 2019" Seleccione UCase( [Seleccione]  ) VB #</Process><Process ToolSource="c:\program files (x86)\arcgis\desktop10.4\ArcToolbox\Toolboxes\Data Management Tools.tbx\CalculateField" Date="20190527" Time="150559">CalculateField "Puntos Críticos 2019" Otro_espec UCase( [Otro_espec] ) VB #</Process><Process ToolSource="c:\program files (x86)\arcgis\desktop10.4\ArcToolbox\Toolboxes\Data Management Tools.tbx\CalculateField" Date="20190527" Time="150618">CalculateField "Puntos Críticos 2019" Condicione UCase( [Condicione] ) VB #</Process><Process ToolSource="c:\program files (x86)\arcgis\desktop10.4\ArcToolbox\Toolboxes\Data Management Tools.tbx\CalculateField" Date="20190527" Time="150637">CalculateField "Puntos Críticos 2019" Otro___Con UCase( [Otro___Con] ) VB #</Process><Process ToolSource="c:\program files (x86)\arcgis\desktop10.4\ArcToolbox\Toolboxes\Data Management Tools.tbx\CalculateField" Date="20190527" Time="150654">CalculateField "Puntos Críticos 2019" Dirección UCase( [Dirección] ) VB #</Process><Process ToolSource="c:\program files (x86)\arcgis\desktop10.4\ArcToolbox\Toolboxes\Data Management Tools.tbx\CalculateField" Date="20190527" Time="155439">CalculateField "Puntos Críticos 2019" TERMICO [Cantidad_v] VB #</Process><Process ToolSource="c:\program files (x86)\arcgis\desktop10.4\ArcToolbox\Toolboxes\Data Management Tools.tbx\CalculateField" Date="20200227" Time="163540">CalculateField PUNTOS_CRITICO_FEB2019_FINAL Cantidad_v 4 VB #</Process><Process ToolSource="c:\program files (x86)\arcgis\desktop10.4\ArcToolbox\Toolboxes\Data Management Tools.tbx\CalculateField" Date="20200824" Time="111857">CalculateField PUNTOS_CRITICOS_FEB2020 Cantidad_v 5 VB #</Process><Process ToolSource="c:\program files (x86)\arcgis\desktop10.5\ArcToolbox\Toolboxes\Data Management Tools.tbx\CalculateField" Date="20201015" Time="101012">CalculateField PUNTOS_CRITICOS_OCTUBRE2020 Adm_Zonal "ELOY ALFARO" VB #</Process></lineage><itemProps><itemLocation><linkage Sync="TRUE">file://\\PC80SECRE193\C$\Users\aespinp\Documents\MUNICIPIO DE QUITO\Geoportal\2023\EMASEO\Respuesta\EMASEO_PRJ\PUNTOS_CRITICOS_2022</linkage><protocol Sync="TRUE">Local Area Network</protocol></itemLocation></itemProps><copyHistory><copy source="C:\Users\aespinp\Documents\MUNICIPIO DE QUITO\Geoportal\2023\EMASEO\Respuesta\EMASEO-GGE-2023-0081-OF_ANEXO\PUNTOS CRITICOS\PUNTOS_CRITICOS_2022" dest="\\PC80SECRE193\C$\Users\aespinp\Documents\MUNICIPIO DE QUITO\Geoportal\2023\EMASEO\Respuesta\EMASEO_PRJ\PUNTOS_CRITICOS_2022" date="20230201" time="11413200"></copy></copyHistory></DataProperties></Esri></metadata>
