<?xml version="1.0" encoding="UTF-8"?>
<metadata xml:lang="es"><Esri><CreaDate>20230424</CreaDate><CreaTime>11472900</CreaTime><ArcGISFormat>1.0</ArcGISFormat><SyncOnce>TRUE</SyncOnce><DataProperties><lineage><Process ToolSource="c:\program files (x86)\arcgis\desktop10.7\ArcToolbox\Toolboxes\Data Management Tools.tbx\DeleteField" Date="20230424" Time="114729">DeleteField PLAZA_PLAZOLETA_BOULEVAR NAM;KCA;COA;Shape_Leng;Shape_Area;OBJECTID_1;ID_Area_de</Process></lineage></DataProperties></Esri></metadata>
