<?xml version="1.0" encoding="UTF-8"?>
<metadata xml:lang="es"><Esri><CreaDate>20150108</CreaDate><CreaTime>21582800</CreaTime><ArcGISFormat>1.0</ArcGISFormat><SyncOnce>TRUE</SyncOnce><DataProperties><lineage><Process ToolSource="c:\program files (x86)\arcgis\desktop10.2\ArcToolbox\Toolboxes\Data Management Tools.tbx\CalculateField" Date="20150108" Time="215828">CalculateField Canadá_Ciudades CIUDAD [NAME] VB #</Process><Process ToolSource="c:\program files (x86)\arcgis\desktop10.2\ArcToolbox\Toolboxes\Data Management Tools.tbx\CalculateField" Date="20150108" Time="215851">CalculateField Canadá_Ciudades F [CAPITAL] VB #</Process><Process ToolSource="c:\program files (x86)\arcgis\desktop10.2\ArcToolbox\Toolboxes\Data Management Tools.tbx\CalculateField" Date="20150108" Time="215913">CalculateField Canadá_Ciudades CAPITAL [F] VB #</Process><Process ToolSource="c:\program files (x86)\arcgis\desktop10.2\ArcToolbox\Toolboxes\Data Management Tools.tbx\CalculateField" Date="20150108" Time="215939">CalculateField Canadá_Ciudades PROVINCIA [PROV_NAME] VB #</Process><Process ToolSource="c:\program files (x86)\arcgis\desktop10.2\ArcToolbox\Toolboxes\Data Management Tools.tbx\CalculateField" Date="20150108" Time="220012">CalculateField Canadá_Ciudades CAPITAL "S" VB #</Process><Process ToolSource="c:\program files (x86)\arcgis\desktop10.2\ArcToolbox\Toolboxes\Data Management Tools.tbx\CalculateField" Date="20150108" Time="220058">CalculateField Canadá_Ciudades PROVINCIA "Columbia Británica" VB #</Process></lineage></DataProperties></Esri></metadata>
