<?xml version="1.0" encoding="UTF-8"?>
<metadata xml:lang="es"><Esri><CreaDate>20220422</CreaDate><CreaTime>12435800</CreaTime><ArcGISFormat>1.0</ArcGISFormat><SyncOnce>FALSE</SyncOnce><DataProperties><lineage><Process ToolSource="c:\program files\arcgis\pro\Resources\ArcToolbox\toolboxes\Data Management Tools.tbx\CopyFeatures" Date="20200312" Time="113025" Name="" export="">CopyFeatures "TC Temporalidades_Layer" C:\Users\HLALA\Documents\ArcGIS\Projects\MyProject122\MyProject122.gdb\TCTemporalidades_XYTableToPoint # # # #</Process><Process ToolSource="c:\program files\arcgis\pro\Resources\ArcToolbox\toolboxes\Data Management Tools.tbx\XYTableToPoint" Date="20200312" Time="113025" Name="" export="">XYTableToPoint "TC Temporalidades.csv" C:\Users\HLALA\Documents\ArcGIS\Projects\MyProject122\MyProject122.gdb\TCTemporalidades_XYTableToPoint Longitud Latitud # "GEOGCS['GCS_WGS_1984',DATUM['D_WGS_1984',SPHEROID['WGS_1984',6378137.0,298.257223563]],PRIMEM['Greenwich',0.0],UNIT['Degree',0.0174532925199433]];-400 -400 1000000000;-100000 10000;-100000 10000;8.98315284119521E-09;0.001;0.001;IsHighPrecision"</Process><Process ToolSource="c:\program files\arcgis\pro\Resources\ArcToolbox\toolboxes\Conversion Tools.tbx\FeatureClassToFeatureClass" Date="20200312" Time="113128" Name="" export="">FeatureClassToFeatureClass TCTemporalidades_XYTableToPoint "C:\Users\HLALA\Desktop\RESPALDOS HLALA\desarrollo_atractivos_2020" TCTemporalidades.shp # "PROVINCIA "PROVINCIA" true true false 8000 Text 0 0,First,#,TCTemporalidades_XYTableToPoint,PROVINCIA,0,8000;CANTON "CANTON" true true false 8000 Text 0 0,First,#,TCTemporalidades_XYTableToPoint,CANTON,0,8000;NOMBRE_DEL "NOMBRE DEL ATRACTIVO" true true false 8000 Text 0 0,First,#,TCTemporalidades_XYTableToPoint,NOMBRE_DEL_ATRACTIVO,0,8000;PARROQUIA_ "PARROQUIA / SECTOR" true true false 8000 Text 0 0,First,#,TCTemporalidades_XYTableToPoint,PARROQUIA___SECTOR,0,8000;CATEGORÍA "CATEGORÍA" true true false 8000 Text 0 0,First,#,TCTemporalidades_XYTableToPoint,CATEGORÍA,0,8000;Latitud "Latitud" true true false 8 Double 0 0,First,#,TCTemporalidades_XYTableToPoint,Latitud,-1,-1;Longitud "Longitud" true true false 8 Double 0 0,First,#,TCTemporalidades_XYTableToPoint,Longitud,-1,-1" #</Process></lineage><itemProps><itemName Sync="TRUE">TCTemporalidades</itemName><itemSize Sync="TRUE">0.000</itemSize><itemLocation><linkage Sync="TRUE">file://\\PC80SECRE193\C$\geo_información\SMIQ1\quitoturismo\TCTemporalidades</linkage><protocol Sync="TRUE">Local Area Network</protocol></itemLocation><nativeExtBox><westBL Sync="TRUE">-78.517506</westBL><eastBL Sync="TRUE">-78.402564</eastBL><southBL Sync="TRUE">-0.308518</southBL><northBL Sync="TRUE">0.065200</northBL><exTypeCode Sync="TRUE">1</exTypeCode></nativeExtBox><imsContentType Sync="TRUE" export="False">002</imsContentType></itemProps><coordRef><type Sync="TRUE">Geographic</type><geogcsn Sync="TRUE">GCS_WGS_1984</geogcsn><csUnits Sync="TRUE">Angular Unit: Degree (0.017453)</csUnits><peXml Sync="TRUE">&lt;GeographicCoordinateSystem xsi:type='typens:GeographicCoordinateSystem' xmlns:xsi='http://www.w3.org/2001/XMLSchema-instance' xmlns:xs='http://www.w3.org/2001/XMLSchema' xmlns:typens='http://www.esri.com/schemas/ArcGIS/10.7'&gt;&lt;WKT&gt;GEOGCS[&amp;quot;GCS_WGS_1984&amp;quot;,DATUM[&amp;quot;D_WGS_1984&amp;quot;,SPHEROID[&amp;quot;WGS_1984&amp;quot;,6378137.0,298.257223563]],PRIMEM[&amp;quot;Greenwich&amp;quot;,0.0],UNIT[&amp;quot;Degree&amp;quot;,0.0174532925199433],AUTHORITY[&amp;quot;EPSG&amp;quot;,4326]]&lt;/WKT&gt;&lt;XOrigin&gt;-400&lt;/XOrigin&gt;&lt;YOrigin&gt;-400&lt;/YOrigin&gt;&lt;XYScale&gt;11258999068426.238&lt;/XYScale&gt;&lt;ZOrigin&gt;-100000&lt;/ZOrigin&gt;&lt;ZScale&gt;10000&lt;/ZScale&gt;&lt;MOrigin&gt;-100000&lt;/MOrigin&gt;&lt;MScale&gt;10000&lt;/MScale&gt;&lt;XYTolerance&gt;8.983152841195215e-09&lt;/XYTolerance&gt;&lt;ZTolerance&gt;0.001&lt;/ZTolerance&gt;&lt;MTolerance&gt;0.001&lt;/MTolerance&gt;&lt;HighPrecision&gt;true&lt;/HighPrecision&gt;&lt;LeftLongitude&gt;-180&lt;/LeftLongitude&gt;&lt;WKID&gt;4326&lt;/WKID&gt;&lt;LatestWKID&gt;4326&lt;/LatestWKID&gt;&lt;/GeographicCoordinateSystem&gt;</peXml></coordRef><copyHistory><copy source="C:\Users\archamorro\Documents\MUNICIPIO DE QUITO\Geoportal\2022\Quito Turismo\Respuesta\Atractivos Turísticos 2022 abril\TCTemporalidades" dest="\\PC80SECRE193\C$\geo_información\SMIQ1\quitoturismo\TCTemporalidades" date="20220422" time="12435800"></copy></copyHistory></DataProperties><SyncDate>20200313</SyncDate><SyncTime>09533700</SyncTime><ModDate>20200313</ModDate><ModTime>09533700</ModTime><scaleRange><minScale>150000000</minScale><maxScale>5000</maxScale></scaleRange><ArcGISProfile>ISO19139</ArcGISProfile></Esri><eainfo><detailed Name="TCTemporalidades" xmlns=""><enttyp><enttypl Sync="TRUE">TCTemporalidades</enttypl><enttypt Sync="TRUE">Feature Class</enttypt><enttypc Sync="TRUE">8</enttypc><enttypd>Feature</enttypd><enttypds>Feature</enttypds></enttyp><attr xmlns=""><attrlabl Sync="TRUE">FID</attrlabl><attalias Sync="TRUE">FID</attalias><attrtype Sync="TRUE">OID</attrtype><attwidth Sync="TRUE">4</attwidth><atprecis Sync="TRUE">0</atprecis><attscale Sync="TRUE">0</attscale><attrdef Sync="TRUE">Internal feature number.</attrdef><attrdefs Sync="TRUE">Esri</attrdefs><attrdomv><udom Sync="TRUE">Sequential unique whole numbers that are automatically generated.</udom></attrdomv><attrdomv><edom xmlns=""><edomv>1</edomv><edomvd>Numeric</edomvd><edomvds>Numeric</edomvds></edom></attrdomv></attr><attr xmlns=""><attrlabl Sync="TRUE">Shape</attrlabl><attalias Sync="TRUE">Shape</attalias><attrtype Sync="TRUE">Geometry</attrtype><attwidth Sync="TRUE">0</attwidth><atprecis Sync="TRUE">0</atprecis><attscale Sync="TRUE">0</attscale><attrdef Sync="TRUE">Feature geometry.</attrdef><attrdefs Sync="TRUE">Esri</attrdefs><attrdomv><udom Sync="TRUE">Coordinates defining the features.</udom></attrdomv><attrdomv><edom xmlns=""><edomv>1</edomv><edomvd>Numeric</edomvd><edomvds>Numeric</edomvds></edom></attrdomv></attr><attr xmlns=""><attrlabl Sync="TRUE">PROVINCIA</attrlabl><attalias Sync="TRUE">PROVINCIA</attalias><attrtype Sync="TRUE">String</attrtype><attwidth Sync="TRUE">254</attwidth><atprecis Sync="TRUE">0</atprecis><attscale Sync="TRUE">0</attscale><attrdef>Provincia del atractivo 
</attrdef><attrdefs>Provincia </attrdefs><attrdomv><edom xmlns=""><edomv>1</edomv><edomvd>Texto Libre</edomvd><edomvds>Texto </edomvds></edom></attrdomv></attr><attr xmlns=""><attrlabl Sync="TRUE">CANTON</attrlabl><attalias Sync="TRUE">CANTON</attalias><attrtype Sync="TRUE">String</attrtype><attwidth Sync="TRUE">254</attwidth><atprecis Sync="TRUE">0</atprecis><attscale Sync="TRUE">0</attscale><attrdef>Cantón del atractivo</attrdef><attrdefs>Cantón</attrdefs><attrdomv><edom xmlns=""><edomv>1</edomv><edomvd>Texto Libre</edomvd><edomvds>Texto </edomvds></edom></attrdomv></attr><attr><attrlabl Sync="TRUE">NOMBRE_DEL</attrlabl><attalias Sync="TRUE">NOMBRE_DEL</attalias><attrtype Sync="TRUE">String</attrtype><attwidth Sync="TRUE">254</attwidth><atprecis Sync="TRUE">0</atprecis><attscale Sync="TRUE">0</attscale></attr><attr xmlns=""><attrlabl Sync="TRUE">PARROQUIA_</attrlabl><attalias Sync="TRUE">PARROQUIA_</attalias><attrtype Sync="TRUE">String</attrtype><attwidth Sync="TRUE">254</attwidth><atprecis Sync="TRUE">0</atprecis><attscale Sync="TRUE">0</attscale><attrdef>Parroquia del atractivo</attrdef><attrdefs>Parroquia</attrdefs><attrdomv><edom xmlns=""><edomv>1</edomv><edomvd>Texto Libre</edomvd><edomvds>Texto</edomvds></edom></attrdomv></attr><attr xmlns=""><attrlabl Sync="TRUE">CATEGORÍA</attrlabl><attalias Sync="TRUE">CATEGORÍA</attalias><attrtype Sync="TRUE">String</attrtype><attwidth Sync="TRUE">254</attwidth><atprecis Sync="TRUE">0</atprecis><attscale Sync="TRUE">0</attscale><attrdef>Tipo de atractivo</attrdef><attrdefs>Categoria</attrdefs><attrdomv><edom xmlns=""><edomv>1</edomv><edomvd>Texto Libre</edomvd><edomvds>Texto</edomvds></edom></attrdomv></attr><attr xmlns=""><attrlabl Sync="TRUE">Latitud</attrlabl><attalias Sync="TRUE">Latitud</attalias><attrtype Sync="TRUE">Double</attrtype><attwidth Sync="TRUE">19</attwidth><atprecis Sync="TRUE">0</atprecis><attscale Sync="TRUE">0</attscale><attrdef>Coordenadas</attrdef><attrdefs>Latitud</attrdefs><attrdomv><edom xmlns=""><edomv>1</edomv><edomvd>Numeric</edomvd><edomvds>Numeric</edomvds></edom></attrdomv></attr><attr xmlns=""><attrlabl Sync="TRUE">Longitud</attrlabl><attalias Sync="TRUE">Longitud</attalias><attrtype Sync="TRUE">Double</attrtype><attwidth Sync="TRUE">19</attwidth><atprecis Sync="TRUE">0</atprecis><attscale Sync="TRUE">0</attscale><attrdef>Coordenadas</attrdef><attrdefs>Longitud</attrdefs><attrdomv><edom xmlns=""><edomv>1</edomv><edomvd>Numeric</edomvd><edomvds>Numeric</edomvds></edom></attrdomv></attr></detailed></eainfo><mdLang><languageCode value="eng"/><countryCode value="ECU" Sync="TRUE"/></mdLang><mdChar><CharSetCd value="004"/></mdChar><mdHrLv><ScopeCd value="005"/></mdHrLv><mdHrLvName Sync="TRUE">dataset</mdHrLvName><mdContact xmlns=""><rpIndName>Henry Daniel Lala Ayo</rpIndName><rpOrgName>Quito Turismo</rpOrgName><rpPosName>Técnico de Calidad 1 (Geógrafo)</rpPosName><role><RoleCd value="007"/></role></mdContact><mdDateSt Sync="TRUE">20200313</mdDateSt><mdStanName>ArcGIS Metadata</mdStanName><mdStanVer>1.0</mdStanVer><distInfo xmlns=""><distFormat xmlns=""><formatName Sync="TRUE">Shapefile</formatName><formatVer>ArcGis Pro</formatVer></distFormat><distTranOps xmlns=""><transSize Sync="TRUE">0.000</transSize></distTranOps></distInfo><dataIdInfo><idCitation xmlns=""><resTitle Sync="FALSE">Capa de Atractivos turísticos de TC Temporalidades del Distrito Metropolitano de Quito</resTitle><date><createDate>2020-03-05T00:00:00</createDate><pubDate>2020-03-12T00:00:00</pubDate><reviseDate>2020-03-12T00:00:00</reviseDate></date><citRespParty xmlns=""><rpIndName>Henry Daniel Lala Ayo</rpIndName><rpOrgName>Quito Turismo</rpOrgName><rpPosName>Técnico de Calidad 1 (Geógrafo)</rpPosName><role><RoleCd value="007"/></role></citRespParty><presForm xmlns=""><PresFormCd value="005"/></presForm></idCitation><idAbs>&lt;DIV STYLE="text-align:Left;"&gt;&lt;DIV&gt;&lt;DIV&gt;&lt;P&gt;&lt;SPAN&gt;Capa vectorial de Atractivos turísticos, Distrito Metropolitano de Quito DMQ, formato shp. punto, proyección SIRES DMQ, WGS84, fuente: Quito Turismo.&lt;/SPAN&gt;&lt;/P&gt;&lt;/DIV&gt;&lt;/DIV&gt;&lt;/DIV&gt;</idAbs><idPoC xmlns=""><rpIndName>Henry Daniel Lala Ayo</rpIndName><rpOrgName>Quito Turismo</rpOrgName><rpPosName>Técnico de Calidad 1 (Geógrafo)</rpPosName><role><RoleCd value="007"/></role></idPoC><resMaint xmlns=""><usrDefFreq><duration>trimestral</duration></usrDefFreq></resMaint><themeKeys xmlns=""><keyword>Atractivo Turistico</keyword></themeKeys><searchKeys><keyword>Atractivo Turistico</keyword></searchKeys><spatRpType><SpatRepTypCd value="001"/></spatRpType><dataLang><languageCode value="spa"/><countryCode value="ECU" Sync="TRUE"/></dataLang><dataChar><CharSetCd value="004"/></dataChar><envirDesc Sync="TRUE"> Version 6.2 (Build 9200) ; Esri ArcGIS 10.7.1.11595</envirDesc><dataExt xmlns=""><geoEle><GeoBndBox><exTypeCode>true</exTypeCode><westBL>-78.517691</westBL><eastBL>-78.432425</eastBL><southBL>-0.221181</southBL><northBL>0.003031</northBL></GeoBndBox></geoEle></dataExt><dataExt xmlns=""><geoEle xmlns=""><GeoBndBox esriExtentType="search"><exTypeCode Sync="TRUE">1</exTypeCode><westBL Sync="TRUE">-78.517506</westBL><eastBL Sync="TRUE">-78.402564</eastBL><northBL Sync="TRUE">0.065200</northBL><southBL Sync="TRUE">-0.308518</southBL></GeoBndBox></geoEle></dataExt><tpCat><TopicCatCd value="013"/></tpCat></dataIdInfo><mdMaint xmlns=""><usrDefFreq><duration>trimestral</duration></usrDefFreq></mdMaint><dqInfo><dqScope><scpLvl><ScopeCd value="009"/></scpLvl><scpLvlDesc><attribSet>Feature</attribSet></scpLvlDesc></dqScope><dataLineage><statement>Capa de Atractivos turísticos TC Temporalidades del Distrito Metropolitano de Quito DMQ georreferenciada, que presenta nombre, categoria, parroquia. Responsable: Quito Turismo, Dirección de Desarrollo. Fecha de creacción del dato: 05/03/2020, Fecha de publicación del dato: 12/03/2020. Forma de publicación: Documento digital. Estado del Dato: Completado</statement></dataLineage></dqInfo><spatRepInfo><VectSpatRep><geometObjs Name="TCTemporalidades"><geoObjTyp><GeoObjTypCd value="004" Sync="TRUE"></GeoObjTypCd></geoObjTyp><geoObjCnt Sync="TRUE">8</geoObjCnt></geometObjs><topLvl><TopoLevCd value="001" Sync="TRUE"></TopoLevCd></topLvl></VectSpatRep></spatRepInfo><refSysInfo><RefSystem dimension=""><refSysID xmlns=""><identCode code="4326"/><idCodeSpace Sync="TRUE">EPSG</idCodeSpace><idVersion Sync="TRUE">6.14(3.0.1)</idVersion></refSysID></RefSystem></refSysInfo><spdoinfo><ptvctinf><esriterm Name="TCTemporalidades"><efeatyp Sync="TRUE">Simple</efeatyp><efeageom code="1" Sync="TRUE"></efeageom><esritopo Sync="TRUE">FALSE</esritopo><efeacnt Sync="TRUE">8</efeacnt><spindex Sync="TRUE">TRUE</spindex><linrefer Sync="TRUE">FALSE</linrefer></esriterm></ptvctinf></spdoinfo></metadata>
