<?xml version="1.0" encoding="UTF-8"?><metadata>
    <idinfo>
        <citation>
            <citeinfo>
                <title>Walk Centerlines</title>
                <geoform>vector digital data</geoform>
            </citeinfo>
        </citation>
        <descript>
            <purpose>Collected centerlines for walks within City of Alexandria, Virginia. Collected from sidewalks and crosswalks.</purpose>
        </descript>
        <spdom>
            <bounding>
                <westbc>-77.14399999998956</westbc>
                <eastbc>-77.03299999998957</eastbc>
                <northbc>38.84799999999469</northbc>
                <southbc>38.783999999994755</southbc>
            </bounding>
        </spdom>
        <keywords>
            <theme>
                <themekt>None</themekt>
                <themekey>Sidewalk</themekey>
                <themekey>Transportation</themekey>
                <themekey>Walkability</themekey>
            </theme>
        </keywords>
        <accconst>None</accconst>
        <useconst>Pursuant to Section 54.1-402 of the Code of Virginia, any determination of topography or contours, or any depiction of physical improvements, property lines or boundaries is for general information only and shall not be used for the design, modification or construction of improvements to real property or for flood plain determination.
The maps provided hereunder are provided "as is" and the City expressly disclaims all warranties, UCC and otherwise, express or implied, including warranties as to accuracy of the maps and merchantability and fitness for a particular purpose, and further expressly disclaims responsibility for all incidental, consequential or special damages arising out of or in connection with the use or performance of the maps.</useconst>
        <datacred>City of Alexandria, Virginia GIS Division</datacred>
        <native> Version 6.2 (Build 9200) ; Esri ArcGIS 10.7.1.11595</native>
    </idinfo>
    <spdoinfo>
        <direct>Vector</direct>
        <ptvctinf>
            <sdtsterm>
                <sdtstype>String</sdtstype>
                <ptvctcnt>0</ptvctcnt>
            </sdtsterm>
        </ptvctinf>
    </spdoinfo>
    <eainfo>
        <detailed>
            <enttyp>
                <enttypl>Transport_Walks</enttypl>
            </enttyp>
            <attr>
                <attrlabl>FID</attrlabl>
                <attrdef>Internal feature number.</attrdef>
                <attrdefs>Esri</attrdefs>
                <attrdomv>
                                        
                    <udom>Sequential unique whole numbers that are automatically generated.</udom>
                                    
                </attrdomv>
            </attr>
            <attr>
                <attrlabl>Shape</attrlabl>
                <attrdef>Feature geometry.</attrdef>
                <attrdefs>Esri</attrdefs>
                <attrdomv>
                                        
                    <udom>Coordinates defining the features.</udom>
                                    
                </attrdomv>
            </attr>
            <attr>
                <attrlabl>Walk_Class</attrlabl>
            </attr>
            <attr>
                <attrlabl>Surface_Ty</attrlabl>
            </attr>
            <attr>
                <attrlabl>ZElev_From</attrlabl>
            </attr>
            <attr>
                <attrlabl>ZElev_To</attrlabl>
            </attr>
            <attr>
                <attrlabl>Surface_Co</attrlabl>
            </attr>
            <attr>
                <attrlabl>Route_Acce</attrlabl>
            </attr>
        </detailed>
    </eainfo>
    <metainfo>
        <metd>20210812</metd>
        <metc>
            <cntinfo>
                <cntorgp>
                    <cntorg>Information Technology Services Department - City of Alexandria, VA</cntorg>
                    <cntper>GIS/Emerging Technologies and Advanced Analytics Division</cntper>
                </cntorgp>
                <cntemail>gismetadata@alexandriava.gov</cntemail>
            </cntinfo>
        </metc>
        <metstdn>FGDC Content Standard for Digital Geospatial Metadata</metstdn>
        <metstdv>FGDC-STD-001-1998</metstdv>
        <mettc>local time</mettc>
    </metainfo>
</metadata>
