<?xml version="1.0" encoding="UTF-8"?><metadata>
    <idinfo>
        <citation>
            <citeinfo>
                <title>Dockless Mobility Program Equity Areas</title>
                <geoform>vector digital data</geoform>
            </citeinfo>
        </citation>
        <descript>
            <abstract>Polygon displaying the Dockless Mobility Program Equity Areas. The Dockless Mobility program requires scooter and e-bike companies to deploy 30% of their devices in equity areas defined by the City. Companies are required to deploy 5% of their devices in Arlandria, 15% west of Quaker and east of I-395, and 10% west of I-395</abstract>
            <purpose>Polygon displaying the Dockless Mobility Program Equity Areas</purpose>
        </descript>
        <spdom>
            <bounding>
                <westbc>-77.144548</westbc>
                <eastbc>-77.055650</eastbc>
                <northbc>38.845627</northbc>
                <southbc>38.797261</southbc>
            </bounding>
        </spdom>
        <keywords>
            <theme>
                <themekt>None</themekt>
                <themekey>TES</themekey>
                <themekey>Transit</themekey>
                <themekey>Transportation</themekey>
                <themekey>Mobility</themekey>
            </theme>
        </keywords>
        <accconst>None</accconst>
        <useconst>None</useconst>
        <datacred>TES, GIS</datacred>
        <native> Version 6.2 (Build 9200) ; Esri ArcGIS 10.7.1.11595</native>
    </idinfo>
    <spdoinfo>
        <direct>Vector</direct>
        <ptvctinf>
            <sdtsterm>
                <sdtstype>GT-polygon composed of chains</sdtstype>
                <ptvctcnt>0</ptvctcnt>
            </sdtsterm>
        </ptvctinf>
    </spdoinfo>
    <eainfo>
        <detailed>
            <enttyp>
                <enttypl>Transit_Corral_EquityAreas</enttypl>
            </enttyp>
            <attr>
                <attrlabl>FID</attrlabl>
                <attrdef>Internal feature number.</attrdef>
                <attrdefs>Esri</attrdefs>
                <attrdomv>
                                        
                    <udom>Sequential unique whole numbers that are automatically generated.</udom>
                                    
                </attrdomv>
            </attr>
            <attr>
                <attrlabl>SHAPE</attrlabl>
                <attrdef>Feature geometry.</attrdef>
                <attrdefs>Esri</attrdefs>
                <attrdomv>
                                        
                    <udom>Coordinates defining the features.</udom>
                                    
                </attrdomv>
            </attr>
            <attr>
                <attrlabl>EquitySAPP</attrlabl>
            </attr>
            <attr>
                <attrlabl>Descriptio</attrlabl>
            </attr>
            <attr>
                <attrlabl>DeployPerc</attrlabl>
            </attr>
            <attr>
                <attrlabl>SHAPE_Leng</attrlabl>
            </attr>
            <attr>
                <attrlabl>SHAPE_Area</attrlabl>
                <attrdef>Area of feature in internal units squared.</attrdef>
                <attrdefs>Esri</attrdefs>
                <attrdomv>
                                        
                    <udom>Positive real numbers that are automatically generated.</udom>
                                    
                </attrdomv>
            </attr>
        </detailed>
    </eainfo>
    <metainfo>
        <metd>20210803</metd>
        <metstdn>FGDC Content Standard for Digital Geospatial Metadata</metstdn>
        <metstdv>FGDC-STD-001-1998</metstdv>
        <mettc>local time</mettc>
    </metainfo>
</metadata>
