<?xml version="1.0" encoding="UTF-8"?>
<metadata xml:lang="es"><Esri><CreaDate>20230126</CreaDate><CreaTime>11423300</CreaTime><ArcGISFormat>1.0</ArcGISFormat><SyncOnce>TRUE</SyncOnce><DataProperties><itemProps><itemLocation><linkage Sync="TRUE">file://\\PC80SECRE193\C$\geo_información\SMIQ1\amt\centros_detencion_infractores_transito</linkage><protocol Sync="TRUE">Local Area Network</protocol></itemLocation></itemProps><copyHistory><copy source="C:\geo_información\SMIQ1\amt\sires\centros_detencion_infractores_transito" dest="\\PC80SECRE193\C$\geo_información\SMIQ1\amt\centros_detencion_infractores_transito" date="20211021" time="13011700"></copy></copyHistory><lineage><Process ToolSource="c:\program files (x86)\arcgis\desktop10.7\ArcToolbox\Toolboxes\Data Management Tools.tbx\CalculateField" Date="20211021" Time="125716">CalculateField amt\centros_detencion_infractores_transito nombre [Name] VB #</Process><Process ToolSource="c:\program files (x86)\arcgis\desktop10.7\ArcToolbox\Toolboxes\Data Management Tools.tbx\Project" Date="20211021" Time="130239">Project C:\geo_información\SMIQ1\amt\centros_detencion_infractores_transito_.shp C:\geo_información\SMIQ1\amt\centros_detencion_infractores_transito.shp PROJCS['WGS_1984_UTM_Zone_17S',GEOGCS['GCS_WGS_1984',DATUM['D_WGS_1984',SPHEROID['WGS_1984',6378137.0,298.257223563]],PRIMEM['Greenwich',0.0],UNIT['Degree',0.0174532925199433]],PROJECTION['Transverse_Mercator'],PARAMETER['False_Easting',500000.0],PARAMETER['False_Northing',10000000.0],PARAMETER['Central_Meridian',-81.0],PARAMETER['Scale_Factor',0.9996],PARAMETER['Latitude_Of_Origin',0.0],UNIT['Meter',1.0]] # GEOGCS['GCS_WGS_1984',DATUM['D_WGS_1984',SPHEROID['WGS_1984',6378137.0,298.257223563]],PRIMEM['Greenwich',0.0],UNIT['Degree',0.0174532925199433]] NO_PRESERVE_SHAPE # NO_VERTICAL</Process><Process ToolSource="c:\program files (x86)\arcgis\desktop10.8\ArcToolbox\Toolboxes\Data Management Tools.tbx\CalculateField" Date="20221229" Time="150011">CalculateField centros_detencion_infractores_transito fcode "fcode" VB #</Process><Process ToolSource="c:\program files (x86)\arcgis\desktop10.8\ArcToolbox\Toolboxes\Data Management Tools.tbx\CalculateField" Date="20221229" Time="150253">CalculateField centros_detencion_infractores_transito fcode "CI003" VB #</Process><Process ToolSource="c:\program files (x86)\arcgis\desktop10.8\ArcToolbox\Toolboxes\Data Management Tools.tbx\CalculateField" Date="20221229" Time="151944">CalculateField centros_detencion_infractores_transito nom [nombre] VB #</Process><Process ToolSource="c:\program files (x86)\arcgis\desktop10.8\ArcToolbox\Toolboxes\Data Management Tools.tbx\CalculateField" Date="20221229" Time="152416">CalculateField centros_detencion_infractores_transito Descrip ""Corresponde a los centros de detención de infractores de tramsito, dentro del Distrito Metropolitano de Quito." " VB #</Process><Process ToolSource="c:\program files (x86)\arcgis\desktop10.8\ArcToolbox\Toolboxes\Data Management Tools.tbx\CalculateField" Date="20221229" Time="152442">CalculateField centros_detencion_infractores_transito Descrip ""Corresponde a los centros de detención de infractores de tramsito, dentro del DMQ." " VB #</Process><Process ToolSource="c:\program files (x86)\arcgis\desktop10.8\ArcToolbox\Toolboxes\Data Management Tools.tbx\CalculateField" Date="20221229" Time="152508">CalculateField centros_detencion_infractores_transito Descrip ""Corresponde a los centros de detención de infractores de tramsito, dentro del DMQ." " VB #</Process><Process ToolSource="c:\program files (x86)\arcgis\desktop10.8\ArcToolbox\Toolboxes\Data Management Tools.tbx\CalculateField" Date="20221229" Time="152603">CalculateField centros_detencion_infractores_transito Class ""Centros de detención de infractores para hombres" " VB #</Process><Process ToolSource="c:\program files (x86)\arcgis\desktop10.8\ArcToolbox\Toolboxes\Data Management Tools.tbx\CalculateField" Date="20221229" Time="152619">CalculateField centros_detencion_infractores_transito Class ""Centros de detención de infractores para hombres y mujeres" " VB #</Process><Process ToolSource="c:\program files (x86)\arcgis\desktop10.8\ArcToolbox\Toolboxes\Data Management Tools.tbx\CalculateField" Date="20221229" Time="152702">CalculateField centros_detencion_infractores_transito Class ""Centros de detención de infractores para hombres y mujeres" " VB #</Process><Process ToolSource="c:\program files (x86)\arcgis\desktop10.8\ArcToolbox\Toolboxes\Data Management Tools.tbx\CalculateField" Date="20221229" Time="152719">CalculateField centros_detencion_infractores_transito Class ""Centros de detención de infractores para hombres " " VB #</Process><Process ToolSource="c:\program files (x86)\arcgis\desktop10.8\ArcToolbox\Toolboxes\Data Management Tools.tbx\CalculateField" Date="20221229" Time="153146">CalculateField centros_detencion_infractores_transito OID_ [FID]+1
 VB #</Process><Process ToolSource="c:\program files (x86)\arcgis\desktop10.8\ArcToolbox\Toolboxes\Data Management Tools.tbx\CalculateField" Date="20221229" Time="153206">CalculateField centros_detencion_infractores_transito OID_ [FID]+1
 VB #</Process><Process ToolSource="c:\program files (x86)\arcgis\desktop10.7\ArcToolbox\Toolboxes\Data Management Tools.tbx\Rename" Date="20230126" Time="142931">Rename "C:\Users\aespinp\Documents\MUNICIPIO DE QUITO\Geoportal\2023\AMT\Respuesta\AMT_PRJ\CI003_detencion_infractores_transito.shp" "C:\Users\aespinp\Documents\MUNICIPIO DE QUITO\Geoportal\2023\AMT\Respuesta\AMT_PRJ\CI002_detencion_infractores_.shp" ShapeFile</Process><Process ToolSource="c:\program files (x86)\arcgis\desktop10.7\ArcToolbox\Toolboxes\Data Management Tools.tbx\Rename" Date="20230126" Time="143019">Rename "C:\Users\aespinp\Documents\MUNICIPIO DE QUITO\Geoportal\2023\AMT\Respuesta\AMT_PRJ\CI002_detencion_infractores_.shp" "C:\Users\aespinp\Documents\MUNICIPIO DE QUITO\Geoportal\2023\AMT\Respuesta\AMT_PRJ\CI002_detencion_infractores_transito.shp" ShapeFile</Process></lineage></DataProperties></Esri></metadata>
