<?xml version="1.0" encoding="UTF-8"?>
<metadata xml:lang="es"><Esri><CreaDate>20221222</CreaDate><CreaTime>09562900</CreaTime><ArcGISFormat>1.0</ArcGISFormat><SyncOnce>TRUE</SyncOnce><DataProperties><itemProps><itemLocation><linkage Sync="TRUE">file://\\PC80SECRE193\C$\geo_información\SMIQ1\emgirs\AH004_ESTACION_TRANSFERENCIA_A</linkage><protocol Sync="TRUE">Local Area Network</protocol></itemLocation></itemProps><copyHistory><copy source="C:\Users\archamorro\Documents\MUNICIPIO DE QUITO\Geoportal\2022\EMGIRS\AH004_ESTACION_TRANSFERENCIA_A" dest="\\PC80SECRE193\C$\geo_información\SMIQ1\emgirs\AH004_ESTACION_TRANSFERENCIA_A" date="20220422" time="12293600"></copy></copyHistory><lineage><Process ToolSource="c:\program files (x86)\arcgis\desktop10.7\ArcToolbox\Toolboxes\Data Management Tools.tbx\Project" Date="20221222" Time="095629">Project AH004_ESTACION_TRANSFERENCIA_A C:\geo_información\SMIQ1\emgirs\AH004_ESTACION_TRANSFERENCIA.shp GEOGCS['GCS_WGS_1984',DATUM['D_WGS_1984',SPHEROID['WGS_1984',6378137.0,298.257223563]],PRIMEM['Greenwich',0.0],UNIT['Degree',0.0174532925199433]] # PROJCS['WGS_1984_UTM_Zone_17S',GEOGCS['GCS_WGS_1984',DATUM['D_WGS_1984',SPHEROID['WGS_1984',6378137.0,298.257223563]],PRIMEM['Greenwich',0.0],UNIT['Degree',0.0174532925199433]],PROJECTION['Transverse_Mercator'],PARAMETER['False_Easting',500000.0],PARAMETER['False_Northing',10000000.0],PARAMETER['Central_Meridian',-81.0],PARAMETER['Scale_Factor',0.9996],PARAMETER['Latitude_Of_Origin',0.0],UNIT['Meter',1.0]] NO_PRESERVE_SHAPE # NO_VERTICAL</Process></lineage></DataProperties></Esri></metadata>
