<?xml version="1.0" encoding="UTF-8"?>
<metadata xml:lang="es"><Esri><CreaDate>20150108</CreaDate><CreaTime>22050100</CreaTime><ArcGISFormat>1.0</ArcGISFormat><SyncOnce>TRUE</SyncOnce><DataProperties><lineage><Process ToolSource="c:\program files (x86)\arcgis\desktop10.2\ArcToolbox\Toolboxes\Data Management Tools.tbx\CalculateField" Date="20150108" Time="220501">CalculateField Canadá_Hidrografía NOMBRE [NAME] VB #</Process><Process ToolSource="c:\program files (x86)\arcgis\desktop10.2\ArcToolbox\Toolboxes\Data Management Tools.tbx\CalculateField" Date="20150108" Time="220536">CalculateField Canadá_Hidrografía CUENCA [SYSTEM] VB #</Process></lineage></DataProperties></Esri></metadata>
