<?xml version="1.0" encoding="UTF-8"?>
<metadata xml:lang="es"><Esri><CreaDate>20230124</CreaDate><CreaTime>10322000</CreaTime><ArcGISFormat>1.0</ArcGISFormat><SyncOnce>FALSE</SyncOnce><DataProperties><itemProps><itemName Sync="TRUE">via_cochera_metro</itemName><imsContentType Sync="TRUE">002</imsContentType><itemSize Sync="TRUE">0.000</itemSize><itemLocation><linkage Sync="TRUE">file://\\PC80SECRE193\C$\Users\archamorro\Documents\MUNICIPIO DE QUITO\Geoportal\METRO\METADATOS PLMQ\g. Vía_cochera_metro\via_cochera_metro.shp</linkage><protocol Sync="TRUE">Local Area Network</protocol></itemLocation></itemProps><lineage><Process ToolSource="c:\program files (x86)\arcgis\desktop10.7\ArcToolbox\Toolboxes\Data Management Tools.tbx\Merge" Date="20220107" Time="121532">Merge Vía_1;Vía_2;Vía_3;Vía_4;Vía_5;Vía_6;Vía_7;Vía_8;Vía_9;Vía_10;Vía_11;Vía_12;Vía_13;Vía_14;Vía_15;Vía_16;Vía_17;Vía_18;Vía_19;Vía_20;Vía_21;Vía_22;Vía_23;Vía_24;Vía_25;Vía_26 "C:\Users\archamorro\Documents\MUNICIPIO DE QUITO\Geoportal\METRO\METADATOS PLMQ\g. Vía_cochera_metro\via_cochera_metro.shp" "FID_ "FID_" true true false 10 Long 0 10 ,First,#,Vía_1,FID_,-1,-1,Vía_2,FID_,-1,-1,Vía_3,FID_,-1,-1,Vía_4,FID_,-1,-1,Vía_5,FID_,-1,-1,Vía_6,FID_,-1,-1,Vía_7,FID_,-1,-1,Vía_8,FID_,-1,-1,Vía_9,FID_,-1,-1,Vía_10,FID_,-1,-1,Vía_11,FID_,-1,-1,Vía_12,FID_,-1,-1,Vía_13,FID_,-1,-1,Vía_14,FID_,-1,-1,Vía_15,FID_,-1,-1,Vía_16,FID_,-1,-1,Vía_17,FID_,-1,-1,Vía_18,FID_,-1,-1,Vía_19,FID_,-1,-1,Vía_20,FID_,-1,-1,Vía_21,FID_,-1,-1,Vía_22,FID_,-1,-1,Vía_23,FID_,-1,-1,Vía_24,FID_,-1,-1,Vía_25,FID_,-1,-1,Vía_26,FID_,-1,-1;RefName "RefName" true true false 254 Text 0 0 ,First,#,Vía_1,RefName,-1,-1,Vía_2,RefName,-1,-1,Vía_3,RefName,-1,-1,Vía_4,RefName,-1,-1,Vía_5,RefName,-1,-1,Vía_6,RefName,-1,-1,Vía_7,RefName,-1,-1,Vía_8,RefName,-1,-1,Vía_9,RefName,-1,-1,Vía_10,RefName,-1,-1,Vía_11,RefName,-1,-1,Vía_12,RefName,-1,-1,Vía_13,RefName,-1,-1,Vía_14,RefName,-1,-1,Vía_15,RefName,-1,-1,Vía_16,RefName,-1,-1,Vía_17,RefName,-1,-1,Vía_18,RefName,-1,-1,Vía_19,RefName,-1,-1,Vía_20,RefName,-1,-1,Vía_21,RefName,-1,-1,Vía_22,RefName,-1,-1,Vía_23,RefName,-1,-1,Vía_24,RefName,-1,-1,Vía_25,RefName,-1,-1,Vía_26,RefName,-1,-1"</Process><Process ToolSource="c:\program files (x86)\arcgis\desktop10.7\ArcToolbox\Toolboxes\Data Management Tools.tbx\CalculateField" Date="20220107" Time="122152">CalculateField via_cochera_metro numer [FID]+1 VB #</Process><Process ToolSource="c:\program files (x86)\arcgis\desktop10.7\ArcToolbox\Toolboxes\Data Management Tools.tbx\CalculateField" Date="20220107" Time="122159">CalculateField via_cochera_metro numer [FID]+1 VB #</Process><Process ToolSource="c:\program files (x86)\arcgis\desktop10.7\ArcToolbox\Toolboxes\Data Management Tools.tbx\CalculateField" Date="20220107" Time="122219">CalculateField via_cochera_metro RefName "Vía_" VB #</Process><Process ToolSource="c:\program files (x86)\arcgis\desktop10.7\ArcToolbox\Toolboxes\Data Management Tools.tbx\CalculateField" Date="20220107" Time="122256">CalculateField via_cochera_metro nombre "[RefName] + [numer]" VB #</Process><Process ToolSource="c:\program files (x86)\arcgis\desktop10.7\ArcToolbox\Toolboxes\Data Management Tools.tbx\CalculateField" Date="20220107" Time="122432">CalculateField via_cochera_metro num [numer] VB #</Process><Process ToolSource="c:\program files (x86)\arcgis\desktop10.7\ArcToolbox\Toolboxes\Data Management Tools.tbx\CalculateField" Date="20220107" Time="122446">CalculateField via_cochera_metro nombre "[RefName] + [num]" VB #</Process><Process ToolSource="c:\program files (x86)\arcgis\desktop10.7\ArcToolbox\Toolboxes\Data Management Tools.tbx\CalculateField" Date="20220107" Time="122455">CalculateField via_cochera_metro nombre "[RefName] &amp; [num]" VB #</Process><Process ToolSource="c:\program files (x86)\arcgis\desktop10.7\ArcToolbox\Toolboxes\Data Management Tools.tbx\CalculateField" Date="20220107" Time="122529">CalculateField via_cochera_metro nombre "[RefName] + [num]" VB #</Process><Process ToolSource="c:\program files (x86)\arcgis\desktop10.7\ArcToolbox\Toolboxes\Data Management Tools.tbx\CalculateField" Date="20220107" Time="122633">CalculateField via_cochera_metro num "+ [numer]+" VB #</Process><Process ToolSource="c:\program files (x86)\arcgis\desktop10.7\ArcToolbox\Toolboxes\Data Management Tools.tbx\CalculateField" Date="20220107" Time="122806">CalculateField via_cochera_metro name "[nombre] &amp; [numer]" VB #</Process><Process ToolSource="c:\program files (x86)\arcgis\desktop10.7\ArcToolbox\Toolboxes\Data Management Tools.tbx\CalculateField" Date="20220107" Time="123022">CalculateField via_cochera_metro name "Vía_11" VB #</Process><Process ToolSource="c:\program files (x86)\arcgis\desktop10.7\ArcToolbox\Toolboxes\Data Management Tools.tbx\CalculateField" Date="20220107" Time="123149">CalculateField via_cochera_metro name "[nombre] &amp; [numer]" VB #</Process><Process ToolSource="c:\program files (x86)\arcgis\desktop10.7\ArcToolbox\Toolboxes\Data Management Tools.tbx\DefineProjection" Date="20220107" Time="123258">DefineProjection via_cochera_metro PROJCS['SIRES-DMQ',GEOGCS['GCS_WGS_1984',DATUM['D_WGS_1984',SPHEROID['WGS_1984',6378137.0,298.257223563]],PRIMEM['Greenwich',0.0],UNIT['Degree',0.0174532925199433]],PROJECTION['Transverse_Mercator'],PARAMETER['False_Easting',500000.0],PARAMETER['False_Northing',10000000.0],PARAMETER['Central_Meridian',-78.5],PARAMETER['Scale_Factor',1.0004584],PARAMETER['Latitude_Of_Origin',0.0],UNIT['Meter',1.0]]</Process></lineage></DataProperties><SyncDate>20220107</SyncDate><SyncTime>12153100</SyncTime><ModDate>20220107</ModDate><ModTime>12153100</ModTime></Esri><dataIdInfo><envirDesc Sync="TRUE"> Version 6.2 (Build 9200) ; Esri ArcGIS 10.7.0.10348</envirDesc><dataLang><languageCode value="spa" Sync="TRUE"></languageCode><countryCode value="ECU" Sync="TRUE"></countryCode></dataLang><idCitation><resTitle Sync="TRUE">via_cochera_metro</resTitle><presForm><PresFormCd value="005" Sync="TRUE"></PresFormCd></presForm></idCitation><spatRpType><SpatRepTypCd value="001" Sync="TRUE"></SpatRepTypCd></spatRpType></dataIdInfo><mdLang><languageCode value="spa" Sync="TRUE"></languageCode><countryCode value="ECU" Sync="TRUE"></countryCode></mdLang><mdChar><CharSetCd value="004" Sync="TRUE"></CharSetCd></mdChar><distInfo><distFormat><formatName Sync="TRUE">Shapefile</formatName></distFormat><distTranOps><transSize Sync="TRUE">0.000</transSize></distTranOps></distInfo><mdHrLv><ScopeCd value="005" Sync="TRUE"></ScopeCd></mdHrLv><mdHrLvName Sync="TRUE">dataset</mdHrLvName><spatRepInfo><VectSpatRep><geometObjs Name="via_cochera_metro"><geoObjTyp><GeoObjTypCd value="002" Sync="TRUE"></GeoObjTypCd></geoObjTyp><geoObjCnt Sync="TRUE">0</geoObjCnt></geometObjs><topLvl><TopoLevCd value="001" Sync="TRUE"></TopoLevCd></topLvl></VectSpatRep></spatRepInfo><spdoinfo><ptvctinf><esriterm Name="via_cochera_metro"><efeatyp Sync="TRUE">Simple</efeatyp><efeageom code="3" Sync="TRUE"></efeageom><esritopo Sync="TRUE">FALSE</esritopo><efeacnt Sync="TRUE">0</efeacnt><spindex Sync="TRUE">FALSE</spindex><linrefer Sync="TRUE">FALSE</linrefer></esriterm></ptvctinf></spdoinfo><eainfo><detailed Name="via_cochera_metro"><enttyp><enttypl Sync="TRUE">via_cochera_metro</enttypl><enttypt Sync="TRUE">Feature Class</enttypt><enttypc Sync="TRUE">0</enttypc></enttyp><attr><attrlabl Sync="TRUE">FID</attrlabl><attalias Sync="TRUE">FID</attalias><attrtype Sync="TRUE">OID</attrtype><attwidth Sync="TRUE">4</attwidth><atprecis Sync="TRUE">0</atprecis><attscale Sync="TRUE">0</attscale><attrdef Sync="TRUE">Internal feature number.</attrdef><attrdefs Sync="TRUE">Esri</attrdefs><attrdomv><udom Sync="TRUE">Sequential unique whole numbers that are automatically generated.</udom></attrdomv></attr><attr><attrlabl Sync="TRUE">Shape</attrlabl><attalias Sync="TRUE">Shape</attalias><attrtype Sync="TRUE">Geometry</attrtype><attwidth Sync="TRUE">0</attwidth><atprecis Sync="TRUE">0</atprecis><attscale Sync="TRUE">0</attscale><attrdef Sync="TRUE">Feature geometry.</attrdef><attrdefs Sync="TRUE">Esri</attrdefs><attrdomv><udom Sync="TRUE">Coordinates defining the features.</udom></attrdomv></attr><attr><attrlabl Sync="TRUE">FID_</attrlabl><attalias Sync="TRUE">FID_</attalias><attrtype Sync="TRUE">Integer</attrtype><attwidth Sync="TRUE">10</attwidth><atprecis Sync="TRUE">10</atprecis><attscale Sync="TRUE">0</attscale></attr><attr><attrlabl Sync="TRUE">RefName</attrlabl><attalias Sync="TRUE">RefName</attalias><attrtype Sync="TRUE">String</attrtype><attwidth Sync="TRUE">254</attwidth><atprecis Sync="TRUE">0</atprecis><attscale Sync="TRUE">0</attscale></attr></detailed></eainfo><mdDateSt Sync="TRUE">20220107</mdDateSt></metadata>
