<?xml version="1.0" encoding="UTF-8"?>
<metadata xml:lang="es"><Esri><CreaDate>20230425</CreaDate><CreaTime>09160500</CreaTime><ArcGISFormat>1.0</ArcGISFormat><SyncOnce>TRUE</SyncOnce><DataProperties><lineage><Process ToolSource="c:\program files (x86)\arcgis\desktop10.7\ArcToolbox\Toolboxes\Data Management Tools.tbx\AddField" Date="20230425" Time="091605">AddField parque11 IDPAR LONG 10 # # Id_parque NULLABLE NON_REQUIRED #</Process><Process ToolSource="c:\program files (x86)\arcgis\desktop10.7\ArcToolbox\Toolboxes\Data Management Tools.tbx\AddField" Date="20230425" Time="091605">AddField parque11 NAM TEXT 100 # # Nombre NULLABLE NON_REQUIRED #</Process><Process ToolSource="c:\program files (x86)\arcgis\desktop10.7\ArcToolbox\Toolboxes\Data Management Tools.tbx\AddField" Date="20230425" Time="091605">AddField parque11 COA TEXT 25 # # Categoria NULLABLE NON_REQUIRED #</Process><Process ToolSource="c:\program files (x86)\arcgis\desktop10.7\ArcToolbox\Toolboxes\Data Management Tools.tbx\AddField" Date="20230425" Time="091605">AddField parque11 KOP TEXT 25 # # Tipo_parque NULLABLE NON_REQUIRED #</Process></lineage></DataProperties></Esri></metadata>
