<?xml version="1.0" encoding="UTF-8"?><metadata>
    <idinfo>
        <citation>
            <citeinfo>
                <title>Corral_Areas</title>
                <geoform>vector digital data</geoform>
            </citeinfo>
        </citation>
        <descript>
            <abstract>Polygon file depicting the location, area, and name of dockless corral areas determined by T&amp;amp;ES planning in Fall 2019.</abstract>
        </descript>
        <keywords>
            <theme>
                <themekt>None</themekt>
                <themekey>Dockless</themekey>
                <themekey>Transportation</themekey>
                <themekey>Transit</themekey>
                <themekey>Corrals</themekey>
                <themekey>Scooters</themekey>
            </theme>
        </keywords>
        <accconst>None</accconst>
        <useconst>cc0</useconst>
        <native> Version 6.2 (Build 9200) ; Esri ArcGIS 10.6.1.9270</native>
    </idinfo>
    <spdoinfo>
        <direct>Vector</direct>
        <ptvctinf>
            <sdtsterm>
                <sdtstype>GT-polygon composed of chains</sdtstype>
                <ptvctcnt>0</ptvctcnt>
            </sdtsterm>
        </ptvctinf>
    </spdoinfo>
    <eainfo>
        <detailed>
            <enttyp>
                <enttypl>Corral_Areas</enttypl>
            </enttyp>
            <attr>
                <attrlabl>OBJECTID</attrlabl>
                <attrdef>Internal feature number.</attrdef>
                <attrdefs>Esri</attrdefs>
                <attrdomv>
                    
                    <udom>Sequential unique whole numbers that are automatically generated.</udom>
                    
                </attrdomv>
            </attr>
            <attr>
                <attrlabl>corralid</attrlabl>
            </attr>
            <attr>
                <attrlabl>corrallabel</attrlabl>
            </attr>
            <attr>
                <attrlabl>street</attrlabl>
            </attr>
            <attr>
                <attrlabl>nearest_address</attrlabl>
            </attr>
            <attr>
                <attrlabl>Shape</attrlabl>
                <attrdef>Feature geometry.</attrdef>
                <attrdefs>Esri</attrdefs>
                <attrdomv>
                    
                    <udom>Coordinates defining the features.</udom>
                    
                </attrdomv>
            </attr>
            <attr>
                <attrlabl>Shape_Length</attrlabl>
                <attrdef>Length of feature in internal units.</attrdef>
                <attrdefs>Esri</attrdefs>
                <attrdomv>
                    
                    <udom>Positive real numbers that are automatically generated.</udom>
                    
                </attrdomv>
            </attr>
            <attr>
                <attrlabl>Shape_Area</attrlabl>
                <attrdef>Area of feature in internal units squared.</attrdef>
                <attrdefs>Esri</attrdefs>
                <attrdomv>
                    
                    <udom>Positive real numbers that are automatically generated.</udom>
                    
                </attrdomv>
            </attr>
        </detailed>
    </eainfo>
    <metainfo>
        <metd>20190924</metd>
        <metstdn>FGDC Content Standard for Digital Geospatial Metadata</metstdn>
        <metstdv>FGDC-STD-001-1998</metstdv>
        <mettc>local time</mettc>
    </metainfo>
</metadata>
