<?xml version="1.0" encoding="UTF-8"?>
<metadata xml:lang="es"><Esri><CreaDate>20220728</CreaDate><CreaTime>10440900</CreaTime><ArcGISFormat>1.0</ArcGISFormat><SyncOnce>TRUE</SyncOnce><DataProperties><lineage><Process ToolSource="c:\program files (x86)\arcgis\desktop10.7\ArcToolbox\Toolboxes\Data Management Tools.tbx\RepairGeometry" Date="20220728" Time="104409">RepairGeometry Carga_Geoportal\sitios_arqueologicos_p DELETE_NULL</Process><Process ToolSource="c:\program files (x86)\arcgis\desktop10.7\ArcToolbox\Toolboxes\Data Management Tools.tbx\Rename" Date="20220728" Time="105130">Rename "C:\Users\aespinp\Documents\MUNICIPIO DE QUITO\Geoportal\2022\IMP\RESPUESTA\CARGA_IMP\CARGA_GEOPORTAL_28072022\sitios_arqueologicos_p.shp" "C:\Users\aespinp\Documents\MUNICIPIO DE QUITO\Geoportal\2022\IMP\RESPUESTA\CARGA_IMP\CARGA_GEOPORTAL_28072022\sitio_arqueologico_p.shp" ShapeFile</Process><Process ToolSource="c:\program files (x86)\arcgis\desktop10.7\ArcToolbox\Toolboxes\Data Management Tools.tbx\RepairGeometry" Date="20220728" Time="105211">RepairGeometry Carga_Geoportal\sitio_arqueologico_p DELETE_NULL</Process></lineage></DataProperties></Esri></metadata>
